{
    "Header": {
        "data_specs_version": "01.00.33", 
        "cmor_version": "3.5", 
        "table_id": "Table E3hr", 
        "realm": "land", 
        "table_date": "18 November 2020", 
        "missing_value": "1e20", 
        "int_missing_value": "-999", 
        "product": "model-output", 
        "approx_interval": "0.125000", 
        "generic_levels": "alevel alevhalf", 
        "mip_era": "CMIP6", 
        "Conventions": "CF-1.7 CMIP-6.2"
    }, 
    "variable_entry": {
        "clivi": {
            "frequency": "3hr", 
            "modeling_realm": "atmos", 
            "standard_name": "atmosphere_mass_content_of_cloud_ice", 
            "units": "kg m-2", 
            "cell_methods": "area: time: mean", 
            "cell_measures": "area: areacella", 
            "long_name": "Ice Water Path", 
            "comment": "mass of ice water in the column divided by the area of the column (not just the area of the cloudy portion of the column). Includes precipitating frozen hydrometeors ONLY if the precipitating hydrometeor affects the calculation of radiative transfer in model.", 
            "dimensions": "longitude latitude time", 
            "out_name": "clivi", 
            "type": "real", 
            "positive": "", 
            "valid_min": "", 
            "valid_max": "", 
            "ok_min_mean_abs": "", 
            "ok_max_mean_abs": ""
        }, 
        "clwvi": {
            "frequency": "3hr", 
            "modeling_realm": "atmos", 
            "standard_name": "atmosphere_mass_content_of_cloud_condensed_water", 
            "units": "kg m-2", 
            "cell_methods": "area: time: mean", 
            "cell_measures": "area: areacella", 
            "long_name": "Condensed Water Path", 
            "comment": "Mass of condensed (liquid + ice) water in the column divided by the area of the column (not just the area of the cloudy portion of the column). Includes precipitating hydrometeors ONLY if the precipitating hydrometeors affect the calculation of radiative transfer in model.", 
            "dimensions": "longitude latitude time", 
            "out_name": "clwvi", 
            "type": "real", 
            "positive": "", 
            "valid_min": "", 
            "valid_max": "", 
            "ok_min_mean_abs": "", 
            "ok_max_mean_abs": ""
        }, 
        "gpp": {
            "frequency": "3hr", 
            "modeling_realm": "land", 
            "standard_name": "gross_primary_productivity_of_biomass_expressed_as_carbon", 
            "units": "kg m-2 s-1", 
            "cell_methods": "area: mean where land time: mean", 
            "cell_measures": "area: areacella", 
            "long_name": "Carbon Mass Flux out of Atmosphere Due to Gross Primary Production on Land [kgC m-2 s-1]", 
            "comment": "The rate of synthesis of biomass from inorganic precursors by autotrophs ('producers') expressed as the mass of carbon which it contains. For example, photosynthesis in plants or phytoplankton. The producers also respire some of this biomass and the difference is referred to as the net primary production. ", 
            "dimensions": "longitude latitude time", 
            "out_name": "gpp", 
            "type": "real", 
            "positive": "", 
            "valid_min": "", 
            "valid_max": "", 
            "ok_min_mean_abs": "", 
            "ok_max_mean_abs": ""
        }, 
        "prcsh": {
            "frequency": "3hr", 
            "modeling_realm": "atmos", 
            "standard_name": "shallow_convective_precipitation_flux", 
            "units": "kg m-2 s-1", 
            "cell_methods": "area: time: mean", 
            "cell_measures": "area: areacella", 
            "long_name": "Precipitation Flux from Shallow Convection", 
            "comment": "Convection precipitation from shallow convection", 
            "dimensions": "longitude latitude time", 
            "out_name": "prcsh", 
            "type": "real", 
            "positive": "", 
            "valid_min": "", 
            "valid_max": "", 
            "ok_min_mean_abs": "", 
            "ok_max_mean_abs": ""
        }, 
        "prra": {
            "frequency": "3hr", 
            "modeling_realm": "atmos", 
            "standard_name": "rainfall_flux", 
            "units": "kg m-2 s-1", 
            "cell_methods": "area: time: mean", 
            "cell_measures": "area: areacella", 
            "long_name": "Rainfall Flux", 
            "comment": "In accordance with common usage in geophysical disciplines, 'flux' implies per unit area, called 'flux density' in physics.", 
            "dimensions": "longitude latitude time", 
            "out_name": "prra", 
            "type": "real", 
            "positive": "", 
            "valid_min": "", 
            "valid_max": "", 
            "ok_min_mean_abs": "", 
            "ok_max_mean_abs": ""
        }, 
        "prrc": {
            "frequency": "3hr", 
            "modeling_realm": "atmos", 
            "standard_name": "convective_rainfall_flux", 
            "units": "kg m-2 s-1", 
            "cell_methods": "area: time: mean", 
            "cell_measures": "area: areacella", 
            "long_name": "Convective Rainfall Rate", 
            "comment": "In accordance with common usage in geophysical disciplines, 'flux' implies per unit area, called 'flux density' in physics.", 
            "dimensions": "longitude latitude time", 
            "out_name": "prrc", 
            "type": "real", 
            "positive": "", 
            "valid_min": "", 
            "valid_max": "", 
            "ok_min_mean_abs": "", 
            "ok_max_mean_abs": ""
        }, 
        "prsnc": {
            "frequency": "3hr", 
            "modeling_realm": "atmos", 
            "standard_name": "convective_snowfall_flux", 
            "units": "kg m-2 s-1", 
            "cell_methods": "area: time: mean", 
            "cell_measures": "area: areacella", 
            "long_name": "Convective Snowfall Flux", 
            "comment": "convective precipitation of all forms of water in the solid phase.", 
            "dimensions": "longitude latitude time", 
            "out_name": "prsnc", 
            "type": "real", 
            "positive": "", 
            "valid_min": "", 
            "valid_max": "", 
            "ok_min_mean_abs": "", 
            "ok_max_mean_abs": ""
        }, 
        "prw": {
            "frequency": "3hr", 
            "modeling_realm": "atmos", 
            "standard_name": "atmosphere_mass_content_of_water_vapor", 
            "units": "kg m-2", 
            "cell_methods": "area: time: mean", 
            "cell_measures": "area: areacella", 
            "long_name": "Water Vapor Path", 
            "comment": "vertically integrated through the atmospheric column", 
            "dimensions": "longitude latitude time", 
            "out_name": "prw", 
            "type": "real", 
            "positive": "", 
            "valid_min": "", 
            "valid_max": "", 
            "ok_min_mean_abs": "", 
            "ok_max_mean_abs": ""
        }, 
        "psl": {
            "frequency": "3hr", 
            "modeling_realm": "atmos", 
            "standard_name": "air_pressure_at_mean_sea_level", 
            "units": "Pa", 
            "cell_methods": "area: time: mean", 
            "cell_measures": "area: areacella", 
            "long_name": "Sea Level Pressure", 
            "comment": "Sea Level Pressure", 
            "dimensions": "longitude latitude time", 
            "out_name": "psl", 
            "type": "real", 
            "positive": "", 
            "valid_min": "", 
            "valid_max": "", 
            "ok_min_mean_abs": "", 
            "ok_max_mean_abs": ""
        }, 
        "ra": {
            "frequency": "3hr", 
            "modeling_realm": "land", 
            "standard_name": "surface_upward_mass_flux_of_carbon_dioxide_expressed_as_carbon_due_to_plant_respiration", 
            "units": "kg m-2 s-1", 
            "cell_methods": "area: mean where land time: mean", 
            "cell_measures": "area: areacella", 
            "long_name": "Carbon Mass Flux into Atmosphere Due to Autotrophic (Plant) Respiration on Land [kgC m-2 s-1]", 
            "comment": "Carbon mass flux per unit area into atmosphere due to autotrophic respiration on land (respiration by producers) [see rh for heterotrophic production]", 
            "dimensions": "longitude latitude time", 
            "out_name": "ra", 
            "type": "real", 
            "positive": "up", 
            "valid_min": "", 
            "valid_max": "", 
            "ok_min_mean_abs": "", 
            "ok_max_mean_abs": ""
        }, 
        "rh": {
            "frequency": "3hr", 
            "modeling_realm": "land", 
            "standard_name": "surface_upward_mass_flux_of_carbon_dioxide_expressed_as_carbon_due_to_heterotrophic_respiration", 
            "units": "kg m-2 s-1", 
            "cell_methods": "area: mean where land time: mean", 
            "cell_measures": "area: areacella", 
            "long_name": "Total Heterotrophic Respiration on Land as Carbon Mass Flux [kgC m-2 s-1]", 
            "comment": "Carbon mass flux per unit area into atmosphere due to heterotrophic respiration on land (respiration by consumers)", 
            "dimensions": "longitude latitude time", 
            "out_name": "rh", 
            "type": "real", 
            "positive": "up", 
            "valid_min": "", 
            "valid_max": "", 
            "ok_min_mean_abs": "", 
            "ok_max_mean_abs": ""
        }, 
        "rlut": {
            "frequency": "3hr", 
            "modeling_realm": "atmos", 
            "standard_name": "toa_outgoing_longwave_flux", 
            "units": "W m-2", 
            "cell_methods": "area: time: mean", 
            "cell_measures": "area: areacella", 
            "long_name": "TOA Outgoing Longwave Radiation", 
            "comment": "at the top of the atmosphere (to be compared with satellite measurements)", 
            "dimensions": "longitude latitude time", 
            "out_name": "rlut", 
            "type": "real", 
            "positive": "up", 
            "valid_min": "", 
            "valid_max": "", 
            "ok_min_mean_abs": "", 
            "ok_max_mean_abs": ""
        }, 
        "rlutcs": {
            "frequency": "3hr", 
            "modeling_realm": "atmos", 
            "standard_name": "toa_outgoing_longwave_flux_assuming_clear_sky", 
            "units": "W m-2", 
            "cell_methods": "area: time: mean", 
            "cell_measures": "area: areacella", 
            "long_name": "TOA Outgoing Clear-Sky Longwave Radiation", 
            "comment": "Upwelling clear-sky longwave radiation at top of atmosphere", 
            "dimensions": "longitude latitude time", 
            "out_name": "rlutcs", 
            "type": "real", 
            "positive": "up", 
            "valid_min": "", 
            "valid_max": "", 
            "ok_min_mean_abs": "", 
            "ok_max_mean_abs": ""
        }, 
        "rsdt": {
            "frequency": "3hr", 
            "modeling_realm": "atmos", 
            "standard_name": "toa_incoming_shortwave_flux", 
            "units": "W m-2", 
            "cell_methods": "area: time: mean", 
            "cell_measures": "area: areacella", 
            "long_name": "TOA Incident Shortwave Radiation", 
            "comment": "Shortwave radiation incident at the top of the atmosphere", 
            "dimensions": "longitude latitude time", 
            "out_name": "rsdt", 
            "type": "real", 
            "positive": "down", 
            "valid_min": "", 
            "valid_max": "", 
            "ok_min_mean_abs": "", 
            "ok_max_mean_abs": ""
        }, 
        "rsut": {
            "frequency": "3hr", 
            "modeling_realm": "atmos", 
            "standard_name": "toa_outgoing_shortwave_flux", 
            "units": "W m-2", 
            "cell_methods": "area: time: mean", 
            "cell_measures": "area: areacella", 
            "long_name": "TOA Outgoing Shortwave Radiation", 
            "comment": "at the top of the atmosphere", 
            "dimensions": "longitude latitude time", 
            "out_name": "rsut", 
            "type": "real", 
            "positive": "up", 
            "valid_min": "", 
            "valid_max": "", 
            "ok_min_mean_abs": "", 
            "ok_max_mean_abs": ""
        }, 
        "rsutcs": {
            "frequency": "3hr", 
            "modeling_realm": "atmos", 
            "standard_name": "toa_outgoing_shortwave_flux_assuming_clear_sky", 
            "units": "W m-2", 
            "cell_methods": "area: time: mean", 
            "cell_measures": "area: areacella", 
            "long_name": "TOA Outgoing Clear-Sky Shortwave Radiation", 
            "comment": "Calculated in the absence of clouds.", 
            "dimensions": "longitude latitude time", 
            "out_name": "rsutcs", 
            "type": "real", 
            "positive": "up", 
            "valid_min": "", 
            "valid_max": "", 
            "ok_min_mean_abs": "", 
            "ok_max_mean_abs": ""
        }, 
        "sfcWind": {
            "frequency": "3hr", 
            "modeling_realm": "atmos", 
            "standard_name": "wind_speed", 
            "units": "m s-1", 
            "cell_methods": "area: time: mean", 
            "cell_measures": "area: areacella", 
            "long_name": "Near-Surface Wind Speed", 
            "comment": "near-surface (usually, 10 meters) wind speed.", 
            "dimensions": "longitude latitude time height10m", 
            "out_name": "sfcWind", 
            "type": "real", 
            "positive": "", 
            "valid_min": "", 
            "valid_max": "", 
            "ok_min_mean_abs": "", 
            "ok_max_mean_abs": ""
        }, 
        "uas": {
            "frequency": "3hr", 
            "modeling_realm": "atmos", 
            "standard_name": "eastward_wind", 
            "units": "m s-1", 
            "cell_methods": "area: time: mean", 
            "cell_measures": "area: areacella", 
            "long_name": "Eastward Near-Surface Wind", 
            "comment": "Eastward component of the near-surface (usually, 10 meters)  wind", 
            "dimensions": "longitude latitude time height10m", 
            "out_name": "uas", 
            "type": "real", 
            "positive": "", 
            "valid_min": "", 
            "valid_max": "", 
            "ok_min_mean_abs": "", 
            "ok_max_mean_abs": ""
        }, 
        "vas": {
            "frequency": "3hr", 
            "modeling_realm": "atmos", 
            "standard_name": "northward_wind", 
            "units": "m s-1", 
            "cell_methods": "area: time: mean", 
            "cell_measures": "area: areacella", 
            "long_name": "Northward Near-Surface Wind", 
            "comment": "Northward component of the near surface wind", 
            "dimensions": "longitude latitude time height10m", 
            "out_name": "vas", 
            "type": "real", 
            "positive": "", 
            "valid_min": "", 
            "valid_max": "", 
            "ok_min_mean_abs": "", 
            "ok_max_mean_abs": ""
        }
    }
}
