{
    "Header": {
        "data_specs_version": "01.00.33", 
        "cmor_version": "3.5", 
        "table_id": "Table E3hrPt", 
        "realm": "atmos", 
        "table_date": "18 November 2020", 
        "missing_value": "1e20", 
        "int_missing_value": "-999", 
        "product": "model-output", 
        "approx_interval": "0.125000", 
        "generic_levels": "alevel alevhalf", 
        "mip_era": "CMIP6", 
        "Conventions": "CF-1.7 CMIP-6.2"
    }, 
    "variable_entry": {
        "aerasymbnd": {
            "frequency": "3hrPt", 
            "modeling_realm": "atmos", 
            "standard_name": "asymmetry_factor_of_ambient_aerosol_particles", 
            "units": "1", 
            "cell_methods": "area: mean time: point", 
            "cell_measures": "area: areacella", 
            "long_name": "Aerosol Level Asymmetry Parameter for Each Band", 
            "comment": "The asymmetry factor is the angular integral of the aerosol scattering phase function weighted by the cosine of the angle with the incident radiation flux. The asymmetry coefficient is here an integral over all wavelength bands.", 
            "dimensions": "longitude latitude alevel spectband time1", 
            "out_name": "aerasymbnd", 
            "type": "real", 
            "positive": "", 
            "valid_min": "", 
            "valid_max": "", 
            "ok_min_mean_abs": "", 
            "ok_max_mean_abs": ""
        }, 
        "aeroptbnd": {
            "frequency": "3hrPt", 
            "modeling_realm": "atmos", 
            "standard_name": "atmosphere_absorption_optical_thickness_due_to_ambient_aerosol_particles", 
            "units": "1", 
            "cell_methods": "area: mean time: point", 
            "cell_measures": "area: areacella", 
            "long_name": "Aerosol Level Absorption Optical Thickness for Each Band", 
            "comment": "Optical thickness of atmospheric aerosols in wavelength bands.", 
            "dimensions": "longitude latitude alevel spectband time1", 
            "out_name": "aeroptbnd", 
            "type": "real", 
            "positive": "", 
            "valid_min": "", 
            "valid_max": "", 
            "ok_min_mean_abs": "", 
            "ok_max_mean_abs": ""
        }, 
        "aerssabnd": {
            "frequency": "3hrPt", 
            "modeling_realm": "atmos", 
            "standard_name": "single_scattering_albedo_in_air_due_to_ambient_aerosol_particles", 
            "units": "1", 
            "cell_methods": "area: mean time: point", 
            "cell_measures": "area: areacella", 
            "long_name": "Aerosol Level Single Scattering Albedo for Each Band", 
            "comment": "The single scattering albedo is the fraction of radiation in an incident light beam scattered by the particles of an aerosol reference volume for a given wavelength. It is the ratio of the scattering and the extinction coefficients of the aerosol particles in the reference volume. ", 
            "dimensions": "longitude latitude alevel spectband time1", 
            "out_name": "aerssabnd", 
            "type": "real", 
            "positive": "", 
            "valid_min": "", 
            "valid_max": "", 
            "ok_min_mean_abs": "", 
            "ok_max_mean_abs": ""
        }, 
        "albdiffbnd": {
            "frequency": "3hrPt", 
            "modeling_realm": "atmos", 
            "standard_name": "surface_diffuse_shortwave_hemispherical_reflectance", 
            "units": "1", 
            "cell_methods": "time: point", 
            "cell_measures": "area: areacella", 
            "long_name": "Diffuse Surface Albedo for Each Band", 
            "comment": "The fraction of the surface diffuse downwelling shortwave radiation flux which is reflected. If the diffuse radiation is isotropic, this term is equivalent to the integral of surface bidirectional reflectance over all incident angles and over all outgoing angles in the hemisphere above the surface. Reported in spectral frequency bands.", 
            "dimensions": "longitude latitude spectband time1", 
            "out_name": "albdiffbnd", 
            "type": "real", 
            "positive": "", 
            "valid_min": "", 
            "valid_max": "", 
            "ok_min_mean_abs": "", 
            "ok_max_mean_abs": ""
        }, 
        "albdirbnd": {
            "frequency": "3hrPt", 
            "modeling_realm": "atmos", 
            "standard_name": "surface_direct_shortwave_hemispherical_reflectance", 
            "units": "1", 
            "cell_methods": "time: point", 
            "cell_measures": "area: areacella", 
            "long_name": "Direct Surface Albedo for Each Band", 
            "comment": "The fraction of the surface direct downwelling shortwave radiation flux which is reflected. It is equivalent to the surface bidirectional reflectance at the incident angle of the incoming solar radiation and integrated over all outgoing angles in the hemisphere above the surface.  Reported in spectral frequency bands.", 
            "dimensions": "longitude latitude spectband time1", 
            "out_name": "albdirbnd", 
            "type": "real", 
            "positive": "", 
            "valid_min": "", 
            "valid_max": "", 
            "ok_min_mean_abs": "", 
            "ok_max_mean_abs": ""
        }, 
        "cfadDbze94": {
            "frequency": "3hrPt", 
            "modeling_realm": "atmos", 
            "standard_name": "histogram_of_equivalent_reflectivity_factor_over_height_above_reference_ellipsoid", 
            "units": "1", 
            "cell_methods": "area: mean time: point", 
            "cell_measures": "area: areacella", 
            "long_name": "CloudSat Radar Reflectivity CFAD", 
            "comment": "CFAD (Cloud Frequency Altitude Diagrams) are frequency distributions of radar  reflectivity (or lidar scattering ratio) as a function of altitude. The variable cfadDbze94 is defined as the simulated relative frequency of occurrence of radar reflectivity in sampling volumes defined by altitude bins. The radar is observing at a frequency of 94GHz.", 
            "dimensions": "longitude latitude alt40 dbze time1", 
            "out_name": "cfadDbze94", 
            "type": "real", 
            "positive": "", 
            "valid_min": "", 
            "valid_max": "", 
            "ok_min_mean_abs": "", 
            "ok_max_mean_abs": ""
        }, 
        "cfadLidarsr532": {
            "frequency": "3hrPt", 
            "modeling_realm": "atmos", 
            "standard_name": "histogram_of_backscattering_ratio_in_air_over_height_above_reference_ellipsoid", 
            "units": "1", 
            "cell_methods": "area: mean time: point", 
            "cell_measures": "area: areacella", 
            "long_name": "CALIPSO Scattering Ratio CFAD", 
            "comment": "CFAD (Cloud Frequency Altitude Diagrams) are frequency distributions of radar  reflectivity (or lidar scattering ratio) as a function of altitude. The variable cfadLidarsr532 is defined as the simulated relative frequency of lidar scattering ratio in sampling volumes defined by altitude bins. The lidar is observing at a wavelength of 532nm.", 
            "dimensions": "longitude latitude alt40 scatratio time1", 
            "out_name": "cfadLidarsr532", 
            "type": "real", 
            "positive": "", 
            "valid_min": "", 
            "valid_max": "", 
            "ok_min_mean_abs": "", 
            "ok_max_mean_abs": ""
        }, 
        "ch4": {
            "frequency": "3hrPt", 
            "modeling_realm": "atmos", 
            "standard_name": "mole_fraction_of_methane_in_air", 
            "units": "mol mol-1", 
            "cell_methods": "area: mean time: point", 
            "cell_measures": "area: areacella", 
            "long_name": "Mole Fraction of CH4", 
            "comment": "Mole fraction is used in the construction mole_fraction_of_X_in_Y, where X is a material constituent of Y.", 
            "dimensions": "longitude latitude alevel time1", 
            "out_name": "ch4", 
            "type": "real", 
            "positive": "", 
            "valid_min": "", 
            "valid_max": "", 
            "ok_min_mean_abs": "", 
            "ok_max_mean_abs": ""
        }, 
        "clcalipso": {
            "frequency": "3hrPt", 
            "modeling_realm": "atmos", 
            "standard_name": "cloud_area_fraction_in_atmosphere_layer", 
            "units": "%", 
            "cell_methods": "area: mean time: point", 
            "cell_measures": "area: areacella", 
            "long_name": "CALIPSO Percentage Cloud Cover", 
            "comment": "Percentage cloud cover in CALIPSO standard atmospheric layers.", 
            "dimensions": "longitude latitude alt40 time1", 
            "out_name": "clcalipso", 
            "type": "real", 
            "positive": "", 
            "valid_min": "", 
            "valid_max": "", 
            "ok_min_mean_abs": "", 
            "ok_max_mean_abs": ""
        }, 
        "clcalipso2": {
            "frequency": "3hrPt", 
            "modeling_realm": "atmos", 
            "standard_name": "cloud_area_fraction_in_atmosphere_layer", 
            "units": "%", 
            "cell_methods": "area: mean time: point", 
            "cell_measures": "area: areacella", 
            "long_name": "CALIPSO Cloud Cover Percentage Undetected by CloudSat (as Percentage of Area Covered)", 
            "comment": "Clouds detected by CALIPSO but below the detectability threshold of CloudSat", 
            "dimensions": "longitude latitude alt40 time1", 
            "out_name": "clcalipso2", 
            "type": "real", 
            "positive": "", 
            "valid_min": "", 
            "valid_max": "", 
            "ok_min_mean_abs": "", 
            "ok_max_mean_abs": ""
        }, 
        "clhcalipso": {
            "frequency": "3hrPt", 
            "modeling_realm": "atmos", 
            "standard_name": "cloud_area_fraction_in_atmosphere_layer", 
            "units": "%", 
            "cell_methods": "area: mean time: point", 
            "cell_measures": "area: areacella", 
            "long_name": "CALIPSO High Level Cloud Area Percentage", 
            "comment": "Percentage cloud cover in layer centred on 220hPa", 
            "dimensions": "longitude latitude time1 p220", 
            "out_name": "clhcalipso", 
            "type": "real", 
            "positive": "", 
            "valid_min": "", 
            "valid_max": "", 
            "ok_min_mean_abs": "", 
            "ok_max_mean_abs": ""
        }, 
        "clisccp": {
            "frequency": "3hrPt", 
            "modeling_realm": "atmos", 
            "standard_name": "cloud_area_fraction_in_atmosphere_layer", 
            "units": "%", 
            "cell_methods": "area: mean time: point", 
            "cell_measures": "area: areacella", 
            "long_name": "ISCCP Cloud Area Percentage", 
            "comment": "Percentage cloud cover in optical depth categories.", 
            "dimensions": "longitude latitude plev7c tau time1", 
            "out_name": "clisccp", 
            "type": "real", 
            "positive": "", 
            "valid_min": "", 
            "valid_max": "", 
            "ok_min_mean_abs": "", 
            "ok_max_mean_abs": ""
        }, 
        "cllcalipso": {
            "frequency": "3hrPt", 
            "modeling_realm": "atmos", 
            "standard_name": "cloud_area_fraction_in_atmosphere_layer", 
            "units": "%", 
            "cell_methods": "area: mean time: point", 
            "cell_measures": "area: areacella", 
            "long_name": "CALIPSO Low Level Cloud Cover Percentage", 
            "comment": "Percentage cloud cover in layer centred on 840hPa", 
            "dimensions": "longitude latitude time1 p840", 
            "out_name": "cllcalipso", 
            "type": "real", 
            "positive": "", 
            "valid_min": "", 
            "valid_max": "", 
            "ok_min_mean_abs": "", 
            "ok_max_mean_abs": ""
        }, 
        "clmcalipso": {
            "frequency": "3hrPt", 
            "modeling_realm": "atmos", 
            "standard_name": "cloud_area_fraction_in_atmosphere_layer", 
            "units": "%", 
            "cell_methods": "area: mean time: point", 
            "cell_measures": "area: areacella", 
            "long_name": "CALIPSO Mid Level Cloud Cover Percentage", 
            "comment": "Percentage cloud cover in layer centred on 560hPa", 
            "dimensions": "longitude latitude time1 p560", 
            "out_name": "clmcalipso", 
            "type": "real", 
            "positive": "", 
            "valid_min": "", 
            "valid_max": "", 
            "ok_min_mean_abs": "", 
            "ok_max_mean_abs": ""
        }, 
        "clmisr": {
            "frequency": "3hrPt", 
            "modeling_realm": "atmos", 
            "standard_name": "cloud_area_fraction_in_atmosphere_layer", 
            "units": "%", 
            "cell_methods": "area: mean time: point", 
            "cell_measures": "area: areacella", 
            "long_name": "Percentage Cloud Cover as Calculated by the MISR Simulator (Including Error Flag)", 
            "comment": "Cloud percentage in spectral bands and layers as observed by the Multi-angle Imaging SpectroRadiometer (MISR) instrument. The first layer in each profile is reserved for a retrieval error flag.", 
            "dimensions": "longitude latitude alt16 tau time1", 
            "out_name": "clmisr", 
            "type": "real", 
            "positive": "", 
            "valid_min": "", 
            "valid_max": "", 
            "ok_min_mean_abs": "", 
            "ok_max_mean_abs": ""
        }, 
        "cltcalipso": {
            "frequency": "3hrPt", 
            "modeling_realm": "atmos", 
            "standard_name": "cloud_area_fraction", 
            "units": "%", 
            "cell_methods": "area: mean time: point", 
            "cell_measures": "area: areacella", 
            "long_name": "CALIPSO Total Cloud Cover Percentage", 
            "comment": "Total cloud area fraction (reported as a percentage) for the whole atmospheric column, as seen by the  Cloud-Aerosol Lidar and Infrared Pathfinder Satellite Observation (CALIPSO) instrument. Includes both large-scale and convective cloud.", 
            "dimensions": "longitude latitude time1", 
            "out_name": "cltcalipso", 
            "type": "real", 
            "positive": "", 
            "valid_min": "", 
            "valid_max": "", 
            "ok_min_mean_abs": "", 
            "ok_max_mean_abs": ""
        }, 
        "co2": {
            "frequency": "3hrPt", 
            "modeling_realm": "atmos", 
            "standard_name": "mole_fraction_of_carbon_dioxide_in_air", 
            "units": "mol mol-1", 
            "cell_methods": "area: mean time: point", 
            "cell_measures": "area: areacella", 
            "long_name": "Mole Fraction of CO2", 
            "comment": "Mole fraction is used in the construction mole_fraction_of_X_in_Y, where X is a material constituent of Y.", 
            "dimensions": "longitude latitude alevel time1", 
            "out_name": "co2", 
            "type": "real", 
            "positive": "", 
            "valid_min": "", 
            "valid_max": "", 
            "ok_min_mean_abs": "", 
            "ok_max_mean_abs": ""
        }, 
        "hus": {
            "frequency": "3hrPt", 
            "modeling_realm": "atmos", 
            "standard_name": "specific_humidity", 
            "units": "1", 
            "cell_methods": "area: mean time: point", 
            "cell_measures": "area: areacella", 
            "long_name": "Specific Humidity", 
            "comment": "Specific humidity is the mass fraction of water vapor in (moist) air.", 
            "dimensions": "longitude latitude alevel time1", 
            "out_name": "hus", 
            "type": "real", 
            "positive": "", 
            "valid_min": "", 
            "valid_max": "", 
            "ok_min_mean_abs": "", 
            "ok_max_mean_abs": ""
        }, 
        "hus7h": {
            "frequency": "3hrPt", 
            "modeling_realm": "atmos", 
            "standard_name": "specific_humidity", 
            "units": "1", 
            "cell_methods": "area: mean time: point", 
            "cell_measures": "area: areacella", 
            "long_name": "Specific Humidity", 
            "comment": "Specific humidity is the mass fraction of water vapor in (moist) air.", 
            "dimensions": "longitude latitude plev7h time1", 
            "out_name": "hus", 
            "type": "real", 
            "positive": "", 
            "valid_min": "", 
            "valid_max": "", 
            "ok_min_mean_abs": "", 
            "ok_max_mean_abs": ""
        }, 
        "jpdftaureicemodis": {
            "frequency": "3hrPt", 
            "modeling_realm": "atmos", 
            "standard_name": "cloud_area_fraction_in_atmosphere_layer", 
            "units": "%", 
            "cell_methods": "area: mean time: point", 
            "cell_measures": "area: areacella", 
            "long_name": "MODIS Joint Distribution of Optical Thickness and Particle Size, Ice", 
            "comment": "Joint probability distribution function, giving probability of cloud as a function of optical thickness and particle size, as measured by MODIS. For cloud ice particles.", 
            "dimensions": "longitude latitude effectRadIc tau time1", 
            "out_name": "jpdftaureicemodis", 
            "type": "real", 
            "positive": "", 
            "valid_min": "", 
            "valid_max": "", 
            "ok_min_mean_abs": "", 
            "ok_max_mean_abs": ""
        }, 
        "jpdftaureliqmodis": {
            "frequency": "3hrPt", 
            "modeling_realm": "atmos", 
            "standard_name": "cloud_area_fraction_in_atmosphere_layer", 
            "units": "%", 
            "cell_methods": "area: mean time: point", 
            "cell_measures": "area: areacella", 
            "long_name": "MODIS Optical Thickness-Particle Size Joint Distribution, Liquid", 
            "comment": "Joint probability distribution function, giving probability of cloud as a function of optical thickness and particle size, as measured by MODIS. For liquid cloud particles.", 
            "dimensions": "longitude latitude effectRadLi tau time1", 
            "out_name": "jpdftaureliqmodis", 
            "type": "real", 
            "positive": "", 
            "valid_min": "", 
            "valid_max": "", 
            "ok_min_mean_abs": "", 
            "ok_max_mean_abs": ""
        }, 
        "n2o": {
            "frequency": "3hrPt", 
            "modeling_realm": "atmos", 
            "standard_name": "mole_fraction_of_nitrous_oxide_in_air", 
            "units": "mol mol-1", 
            "cell_methods": "area: mean time: point", 
            "cell_measures": "area: areacella", 
            "long_name": "Mole Fraction of N2O", 
            "comment": "Mole fraction is used in the construction mole_fraction_of_X_in_Y, where X is a material constituent of Y.   The chemical formula of  nitrous oxide is N2O.", 
            "dimensions": "longitude latitude alevel time1", 
            "out_name": "n2o", 
            "type": "real", 
            "positive": "", 
            "valid_min": "", 
            "valid_max": "", 
            "ok_min_mean_abs": "", 
            "ok_max_mean_abs": ""
        }, 
        "o3": {
            "frequency": "3hrPt", 
            "modeling_realm": "atmos", 
            "standard_name": "mole_fraction_of_ozone_in_air", 
            "units": "mol mol-1", 
            "cell_methods": "area: mean time: point", 
            "cell_measures": "area: areacella", 
            "long_name": "Mole Fraction of O3", 
            "comment": "Mole fraction is used in the construction mole_fraction_of_X_in_Y, where X is a material constituent of Y.", 
            "dimensions": "longitude latitude alevel time1", 
            "out_name": "o3", 
            "type": "real", 
            "positive": "", 
            "valid_min": "", 
            "valid_max": "", 
            "ok_min_mean_abs": "", 
            "ok_max_mean_abs": ""
        }, 
        "parasolRefl": {
            "frequency": "3hrPt", 
            "modeling_realm": "atmos", 
            "standard_name": "toa_bidirectional_reflectance", 
            "units": "1", 
            "cell_methods": "area: mean where sea time: point", 
            "cell_measures": "area: areacella", 
            "long_name": "PARASOL Reflectance", 
            "comment": "Simulated reflectance from PARASOL as seen at the top of the atmosphere for 5 solar zenith angles. Valid only over ocean and for one viewing direction (viewing zenith angle of 30 degrees and relative azimuth angle 320 degrees).", 
            "dimensions": "longitude latitude sza5 time1", 
            "out_name": "parasolRefl", 
            "type": "real", 
            "positive": "", 
            "valid_min": "", 
            "valid_max": "", 
            "ok_min_mean_abs": "", 
            "ok_max_mean_abs": ""
        }, 
        "ps": {
            "frequency": "3hrPt", 
            "modeling_realm": "atmos", 
            "standard_name": "surface_air_pressure", 
            "units": "Pa", 
            "cell_methods": "area: mean time: point", 
            "cell_measures": "area: areacella", 
            "long_name": "Surface Air Pressure", 
            "comment": "surface pressure (not mean sea-level pressure), 2-D field to calculate the 3-D pressure field from hybrid coordinates", 
            "dimensions": "longitude latitude time1", 
            "out_name": "ps", 
            "type": "real", 
            "positive": "", 
            "valid_min": "", 
            "valid_max": "", 
            "ok_min_mean_abs": "", 
            "ok_max_mean_abs": ""
        }, 
        "rsdcs": {
            "frequency": "3hrPt", 
            "modeling_realm": "atmos", 
            "standard_name": "downwelling_shortwave_flux_in_air_assuming_clear_sky", 
            "units": "W m-2", 
            "cell_methods": "area: mean time: point", 
            "cell_measures": "area: areacella", 
            "long_name": "Downwelling Clear-Sky Shortwave Radiation", 
            "comment": "Downwelling clear-sky shortwave radiation (includes the fluxes at the surface and top-of-atmosphere)", 
            "dimensions": "longitude latitude alevhalf time1", 
            "out_name": "rsdcs", 
            "type": "real", 
            "positive": "down", 
            "valid_min": "", 
            "valid_max": "", 
            "ok_min_mean_abs": "", 
            "ok_max_mean_abs": ""
        }, 
        "rsdcsaf": {
            "frequency": "3hrPt", 
            "modeling_realm": "aerosol", 
            "standard_name": "downwelling_shortwave_flux_in_air_assuming_clear_sky_and_no_aerosol", 
            "units": "W m-2", 
            "cell_methods": "area: mean time: point", 
            "cell_measures": "area: areacella", 
            "long_name": "Downwelling Clear-Sky, Aerosol-Free Shortwave Radiation", 
            "comment": "Calculated in the absence of aerosols and clouds (following Ghan). This requires a double-call in the radiation code with precisely the same meteorology.", 
            "dimensions": "longitude latitude alevhalf time1", 
            "out_name": "rsdcsaf", 
            "type": "real", 
            "positive": "down", 
            "valid_min": "", 
            "valid_max": "", 
            "ok_min_mean_abs": "", 
            "ok_max_mean_abs": ""
        }, 
        "rsdcsafbnd": {
            "frequency": "3hrPt", 
            "modeling_realm": "aerosol", 
            "standard_name": "downwelling_shortwave_flux_in_air_assuming_clear_sky_and_no_aerosol", 
            "units": "W m-2", 
            "cell_methods": "area: mean time: point", 
            "cell_measures": "area: areacella", 
            "long_name": "Downwelling Clear-Sky, Aerosol-Free, Shortwave Radiation in Bands", 
            "comment": "Calculated in the absence of aerosols and clouds (following Ghan). This requires a double-call in the radiation code with precisely the same meteorology.", 
            "dimensions": "longitude latitude alevhalf spectband time1", 
            "out_name": "rsdcsafbnd", 
            "type": "real", 
            "positive": "down", 
            "valid_min": "", 
            "valid_max": "", 
            "ok_min_mean_abs": "", 
            "ok_max_mean_abs": ""
        }, 
        "rsdcsbnd": {
            "frequency": "3hrPt", 
            "modeling_realm": "atmos", 
            "standard_name": "downwelling_shortwave_flux_in_air_assuming_clear_sky", 
            "units": "W m-2", 
            "cell_methods": "area: mean time: point", 
            "cell_measures": "area: areacella", 
            "long_name": "Downwelling Clear-Sky Shortwave Radiation at Each Level for Each Band", 
            "comment": "Calculated with aerosols but without clouds. This is a standard clear-sky calculation", 
            "dimensions": "longitude latitude alevhalf spectband time1", 
            "out_name": "rsdcsbnd", 
            "type": "real", 
            "positive": "down", 
            "valid_min": "", 
            "valid_max": "", 
            "ok_min_mean_abs": "", 
            "ok_max_mean_abs": ""
        }, 
        "rsdscsaf": {
            "frequency": "3hrPt", 
            "modeling_realm": "aerosol", 
            "standard_name": "surface_downwelling_shortwave_flux_in_air_assuming_clear_sky_and_no_aerosol", 
            "units": "W m-2", 
            "cell_methods": "area: mean time: point", 
            "cell_measures": "area: areacella", 
            "long_name": "Surface Downwelling Clear-Sky, Aerosol-Free Shortwave Radiation", 
            "comment": "Calculated in the absence of aerosols and clouds.", 
            "dimensions": "longitude latitude time1", 
            "out_name": "rsdscsaf", 
            "type": "real", 
            "positive": "down", 
            "valid_min": "", 
            "valid_max": "", 
            "ok_min_mean_abs": "", 
            "ok_max_mean_abs": ""
        }, 
        "rsdscsafbnd": {
            "frequency": "3hrPt", 
            "modeling_realm": "aerosol", 
            "standard_name": "surface_downwelling_shortwave_flux_in_air_assuming_clear_sky_and_no_aerosol", 
            "units": "W m-2", 
            "cell_methods": "time: point", 
            "cell_measures": "area: areacella", 
            "long_name": "Surface Downwelling Clear-Sky, Aerosol-Free Shortwave Radiation in Bands", 
            "comment": "Calculated in the absence of aerosols and clouds, following Ghan (2013, ACP). This requires a double-call in the radiation code with precisely the same meteorology.", 
            "dimensions": "longitude latitude spectband time1", 
            "out_name": "rsdscsafbnd", 
            "type": "real", 
            "positive": "down", 
            "valid_min": "", 
            "valid_max": "", 
            "ok_min_mean_abs": "", 
            "ok_max_mean_abs": ""
        }, 
        "rsdscsbnd": {
            "frequency": "3hrPt", 
            "modeling_realm": "atmos", 
            "standard_name": "surface_downwelling_shortwave_flux_in_air_assuming_clear_sky", 
            "units": "W m-2", 
            "cell_methods": "time: point", 
            "cell_measures": "area: areacella", 
            "long_name": "Surface Downwelling Clear-Sky Shortwave Radiation for Each Band", 
            "comment": "Calculated with aerosols but without clouds. This is a standard clear-sky calculation", 
            "dimensions": "longitude latitude spectband time1", 
            "out_name": "rsdscsbnd", 
            "type": "real", 
            "positive": "down", 
            "valid_min": "", 
            "valid_max": "", 
            "ok_min_mean_abs": "", 
            "ok_max_mean_abs": ""
        }, 
        "rsucs": {
            "frequency": "3hrPt", 
            "modeling_realm": "atmos", 
            "standard_name": "upwelling_shortwave_flux_in_air_assuming_clear_sky", 
            "units": "W m-2", 
            "cell_methods": "area: mean time: point", 
            "cell_measures": "area: areacella", 
            "long_name": "Upwelling Clear-Sky Shortwave Radiation", 
            "comment": "Upwelling clear-sky shortwave radiation  (includes the fluxes at the surface and TOA)", 
            "dimensions": "longitude latitude alevhalf time1", 
            "out_name": "rsucs", 
            "type": "real", 
            "positive": "up", 
            "valid_min": "", 
            "valid_max": "", 
            "ok_min_mean_abs": "", 
            "ok_max_mean_abs": ""
        }, 
        "rsucsaf": {
            "frequency": "3hrPt", 
            "modeling_realm": "aerosol", 
            "standard_name": "upwelling_shortwave_flux_in_air_assuming_clear_sky_and_no_aerosol", 
            "units": "W m-2", 
            "cell_methods": "area: mean time: point", 
            "cell_measures": "area: areacella", 
            "long_name": "Upwelling Clear-Sky, Aerosol-Free Shortwave Radiation", 
            "comment": "Calculated in the absence of aerosols and clouds (following Ghan). This requires a double-call in the radiation code with precisely the same meteorology.", 
            "dimensions": "longitude latitude alevhalf time1", 
            "out_name": "rsucsaf", 
            "type": "real", 
            "positive": "up", 
            "valid_min": "", 
            "valid_max": "", 
            "ok_min_mean_abs": "", 
            "ok_max_mean_abs": ""
        }, 
        "rsucsafbnd": {
            "frequency": "3hrPt", 
            "modeling_realm": "aerosol", 
            "standard_name": "upwelling_shortwave_flux_in_air_assuming_clear_sky_and_no_aerosol", 
            "units": "W m-2", 
            "cell_methods": "area: mean time: point", 
            "cell_measures": "area: areacella", 
            "long_name": "Upwelling Clear-Sky, Aerosol-Free Shortwave Radiation in Bands", 
            "comment": "Calculated in the absence of aerosols and clouds (following Ghan). This requires a double-call in the radiation code with precisely the same meteorology.", 
            "dimensions": "longitude latitude alevhalf spectband time1", 
            "out_name": "rsucsafbnd", 
            "type": "real", 
            "positive": "up", 
            "valid_min": "", 
            "valid_max": "", 
            "ok_min_mean_abs": "", 
            "ok_max_mean_abs": ""
        }, 
        "rsucsbnd": {
            "frequency": "3hrPt", 
            "modeling_realm": "atmos", 
            "standard_name": "upwelling_shortwave_flux_in_air_assuming_clear_sky", 
            "units": "W m-2", 
            "cell_methods": "area: mean time: point", 
            "cell_measures": "area: areacella", 
            "long_name": "Upwelling Clear-Sky Shortwave Radiation at Each Level for Each Band", 
            "comment": "Calculated with aerosols but without clouds. This is a standard clear-sky calculation", 
            "dimensions": "longitude latitude alevhalf spectband time1", 
            "out_name": "rsucsbnd", 
            "type": "real", 
            "positive": "up", 
            "valid_min": "", 
            "valid_max": "", 
            "ok_min_mean_abs": "", 
            "ok_max_mean_abs": ""
        }, 
        "rsuscsaf": {
            "frequency": "3hrPt", 
            "modeling_realm": "aerosol", 
            "standard_name": "surface_upwelling_shortwave_flux_in_air_assuming_clear_sky_and_no_aerosol", 
            "units": "W m-2", 
            "cell_methods": "area: mean time: point", 
            "cell_measures": "area: areacella", 
            "long_name": "Surface Upwelling Clean Clear-Sky Shortwave Radiation", 
            "comment": "Surface Upwelling Clear-sky, Aerosol Free Shortwave Radiation", 
            "dimensions": "longitude latitude time1", 
            "out_name": "rsuscsaf", 
            "type": "real", 
            "positive": "up", 
            "valid_min": "", 
            "valid_max": "", 
            "ok_min_mean_abs": "", 
            "ok_max_mean_abs": ""
        }, 
        "rsuscsafbnd": {
            "frequency": "3hrPt", 
            "modeling_realm": "aerosol", 
            "standard_name": "surface_upwelling_shortwave_flux_in_air_assuming_clear_sky_and_no_aerosol", 
            "units": "W m-2", 
            "cell_methods": "time: point", 
            "cell_measures": "area: areacella", 
            "long_name": "Surface Upwelling Clear-Sky, Aerosol-Free Shortwave Radiation in Bands", 
            "comment": "Calculated in the absence of aerosols and clouds, following Ghan (ACP, 2013). This requires a double-call in the radiation code with precisely the same meteorology.", 
            "dimensions": "longitude latitude spectband time1", 
            "out_name": "rsuscsafbnd", 
            "type": "real", 
            "positive": "up", 
            "valid_min": "", 
            "valid_max": "", 
            "ok_min_mean_abs": "", 
            "ok_max_mean_abs": ""
        }, 
        "rsuscsbnd": {
            "frequency": "3hrPt", 
            "modeling_realm": "atmos", 
            "standard_name": "surface_upwelling_shortwave_flux_in_air_assuming_clear_sky", 
            "units": "W m-2", 
            "cell_methods": "time: point", 
            "cell_measures": "area: areacella", 
            "long_name": "Surface Upwelling Clear-Sky Shortwave Radiation for Each Band", 
            "comment": "Calculated with aerosols but without clouds. This is a standard clear-sky calculation", 
            "dimensions": "longitude latitude spectband time1", 
            "out_name": "rsuscsbnd", 
            "type": "real", 
            "positive": "up", 
            "valid_min": "", 
            "valid_max": "", 
            "ok_min_mean_abs": "", 
            "ok_max_mean_abs": ""
        }, 
        "rsutcsaf": {
            "frequency": "3hrPt", 
            "modeling_realm": "aerosol", 
            "standard_name": "toa_outgoing_shortwave_flux_assuming_clear_sky_and_no_aerosol", 
            "units": "W m-2", 
            "cell_methods": "area: mean time: point", 
            "cell_measures": "area: areacella", 
            "long_name": "TOA Outgoing Clear-Sky, Aerosol-Free Shortwave Radiation", 
            "comment": "Flux corresponding to rsutcs resulting from aerosol-free call to radiation, following Ghan (ACP, 2013)", 
            "dimensions": "longitude latitude time1", 
            "out_name": "rsutcsaf", 
            "type": "real", 
            "positive": "up", 
            "valid_min": "", 
            "valid_max": "", 
            "ok_min_mean_abs": "", 
            "ok_max_mean_abs": ""
        }, 
        "rsutcsafbnd": {
            "frequency": "3hrPt", 
            "modeling_realm": "atmos", 
            "standard_name": "toa_outgoing_shortwave_flux_assuming_clear_sky_and_no_aerosol", 
            "units": "W m-2", 
            "cell_methods": "time: point", 
            "cell_measures": "area: areacella", 
            "long_name": "TOA Outgoing Clear-Sky, Aerosol-Free Shortwave Radiation in Bands", 
            "comment": "Calculated in the absence of aerosols and clouds, following Ghan (2013, ACP). This requires a double-call in the radiation code with precisely the same meteorology.", 
            "dimensions": "longitude latitude spectband time1", 
            "out_name": "rsutcsafbnd", 
            "type": "real", 
            "positive": "up", 
            "valid_min": "", 
            "valid_max": "", 
            "ok_min_mean_abs": "", 
            "ok_max_mean_abs": ""
        }, 
        "rsutcsbnd": {
            "frequency": "3hrPt", 
            "modeling_realm": "atmos", 
            "standard_name": "toa_outgoing_shortwave_flux_assuming_clear_sky", 
            "units": "W m-2", 
            "cell_methods": "time: point", 
            "cell_measures": "area: areacella", 
            "long_name": "TOA Outgoing Clear-Sky Shortwave Radiation for Each Band", 
            "comment": "Calculated with aerosols but without clouds. This is a standard clear-sky calculation", 
            "dimensions": "longitude latitude spectband time1", 
            "out_name": "rsutcsbnd", 
            "type": "real", 
            "positive": "up", 
            "valid_min": "", 
            "valid_max": "", 
            "ok_min_mean_abs": "", 
            "ok_max_mean_abs": ""
        }, 
        "solbnd": {
            "frequency": "3hrPt", 
            "modeling_realm": "atmos", 
            "standard_name": "toa_incoming_shortwave_flux", 
            "units": "W m-2", 
            "cell_methods": "time: point", 
            "cell_measures": "area: areacella", 
            "long_name": "TOA Solar Irradiance for Each Band", 
            "comment": "Solar irradiance at a horizontal surface at top of atmosphere.", 
            "dimensions": "longitude latitude spectband time1", 
            "out_name": "solbnd", 
            "type": "real", 
            "positive": "", 
            "valid_min": "", 
            "valid_max": "", 
            "ok_min_mean_abs": "", 
            "ok_max_mean_abs": ""
        }, 
        "sza": {
            "frequency": "3hrPt", 
            "modeling_realm": "atmos", 
            "standard_name": "solar_zenith_angle", 
            "units": "degree", 
            "cell_methods": "area: mean time: point", 
            "cell_measures": "area: areacella", 
            "long_name": "Solar Zenith Angle", 
            "comment": "The angle between the line of sight to the sun and the local vertical", 
            "dimensions": "longitude latitude time1", 
            "out_name": "sza", 
            "type": "real", 
            "positive": "", 
            "valid_min": "", 
            "valid_max": "", 
            "ok_min_mean_abs": "", 
            "ok_max_mean_abs": ""
        }, 
        "ta7h": {
            "frequency": "3hrPt", 
            "modeling_realm": "atmos", 
            "standard_name": "air_temperature", 
            "units": "K", 
            "cell_methods": "area: mean time: point", 
            "cell_measures": "area: areacella", 
            "long_name": "Air Temperature", 
            "comment": "Air Temperature", 
            "dimensions": "longitude latitude plev7h time1", 
            "out_name": "ta", 
            "type": "real", 
            "positive": "", 
            "valid_min": "", 
            "valid_max": "", 
            "ok_min_mean_abs": "", 
            "ok_max_mean_abs": ""
        }, 
        "ua7h": {
            "frequency": "3hrPt", 
            "modeling_realm": "atmos", 
            "standard_name": "eastward_wind", 
            "units": "m s-1", 
            "cell_methods": "area: mean time: point", 
            "cell_measures": "area: areacella", 
            "long_name": "Eastward Wind", 
            "comment": "Zonal wind (positive in a eastward direction).", 
            "dimensions": "longitude latitude plev7h time1", 
            "out_name": "ua", 
            "type": "real", 
            "positive": "", 
            "valid_min": "", 
            "valid_max": "", 
            "ok_min_mean_abs": "", 
            "ok_max_mean_abs": ""
        }, 
        "va7h": {
            "frequency": "3hrPt", 
            "modeling_realm": "atmos", 
            "standard_name": "northward_wind", 
            "units": "m s-1", 
            "cell_methods": "area: mean time: point", 
            "cell_measures": "area: areacella", 
            "long_name": "Northward Wind", 
            "comment": "Meridional wind (positive in a northward direction).", 
            "dimensions": "longitude latitude plev7h time1", 
            "out_name": "va", 
            "type": "real", 
            "positive": "", 
            "valid_min": "", 
            "valid_max": "", 
            "ok_min_mean_abs": "", 
            "ok_max_mean_abs": ""
        }, 
        "wap7h": {
            "frequency": "3hrPt", 
            "modeling_realm": "atmos", 
            "standard_name": "lagrangian_tendency_of_air_pressure", 
            "units": "Pa s-1", 
            "cell_methods": "area: mean time: point", 
            "cell_measures": "area: areacella", 
            "long_name": "Omega (=dp/dt)", 
            "comment": "Omega (vertical velocity in pressure coordinates, positive downwards)", 
            "dimensions": "longitude latitude plev7h time1", 
            "out_name": "wap", 
            "type": "real", 
            "positive": "", 
            "valid_min": "", 
            "valid_max": "", 
            "ok_min_mean_abs": "", 
            "ok_max_mean_abs": ""
        }
    }
}
