{
    "Header": {
        "data_specs_version": "01.00.33", 
        "cmor_version": "3.5", 
        "table_id": "Table CFsubhr", 
        "realm": "atmos", 
        "table_date": "18 November 2020", 
        "missing_value": "1e20", 
        "int_missing_value": "-999", 
        "product": "model-output", 
        "approx_interval": "0.017361", 
        "approx_interval_error": "0.90", 
        "approx_interval_warning": "0.5", 
        "generic_levels": "alevel alevhalf", 
        "mip_era": "CMIP6", 
        "Conventions": "CF-1.7 CMIP-6.2"
    }, 
    "variable_entry": {
        "ccb": {
            "frequency": "subhrPt", 
            "modeling_realm": "atmos", 
            "standard_name": "air_pressure_at_convective_cloud_base", 
            "units": "Pa", 
            "cell_methods": "area: point time: point", 
            "cell_measures": "", 
            "long_name": "Air Pressure at Convective Cloud Base", 
            "comment": "Where convective cloud is present in the grid cell, the instantaneous cloud base altitude should be that of the bottom of the lowest level containing convective cloud. Missing data should be reported in the absence of convective cloud. The time mean should be calculated from these quantities averaging over occasions when convective cloud is present only, and should contain missing data for occasions when no convective cloud is present during the meaning period.", 
            "dimensions": "site time1", 
            "out_name": "ccb", 
            "type": "real", 
            "positive": "", 
            "valid_min": "", 
            "valid_max": "", 
            "ok_min_mean_abs": "", 
            "ok_max_mean_abs": ""
        }, 
        "cct": {
            "frequency": "subhrPt", 
            "modeling_realm": "atmos", 
            "standard_name": "air_pressure_at_convective_cloud_top", 
            "units": "Pa", 
            "cell_methods": "area: point time: point", 
            "cell_measures": "", 
            "long_name": "Air Pressure at Convective Cloud Top", 
            "comment": "Where convective cloud is present in the grid cell, the instantaneous cloud top altitude should be that of the top of the highest level containing convective cloud. Missing data should be reported in the absence of convective cloud. The time mean should be calculated from these quantities averaging over occasions when convective cloud is present only, and should contain missing data for occasions when no convective cloud is present during the meaning period.", 
            "dimensions": "site time1", 
            "out_name": "cct", 
            "type": "real", 
            "positive": "", 
            "valid_min": "", 
            "valid_max": "", 
            "ok_min_mean_abs": "", 
            "ok_max_mean_abs": ""
        }, 
        "ci": {
            "frequency": "subhrPt", 
            "modeling_realm": "atmos", 
            "standard_name": "convection_time_fraction", 
            "units": "1", 
            "cell_methods": "area: point time: point", 
            "cell_measures": "", 
            "long_name": "Fraction of Time Convection Occurs in Cell", 
            "comment": "Fraction of time that convection occurs in the grid cell.", 
            "dimensions": "site time1", 
            "out_name": "ci", 
            "type": "real", 
            "positive": "", 
            "valid_min": "", 
            "valid_max": "", 
            "ok_min_mean_abs": "", 
            "ok_max_mean_abs": ""
        }, 
        "cl": {
            "frequency": "subhrPt", 
            "modeling_realm": "atmos", 
            "standard_name": "cloud_area_fraction_in_atmosphere_layer", 
            "units": "%", 
            "cell_methods": "area: point time: point", 
            "cell_measures": "", 
            "long_name": "Percentage Cloud Cover", 
            "comment": "Percentage cloud cover, including both large-scale and convective cloud.", 
            "dimensions": "alevel site time1", 
            "out_name": "cl", 
            "type": "real", 
            "positive": "", 
            "valid_min": "", 
            "valid_max": "", 
            "ok_min_mean_abs": "", 
            "ok_max_mean_abs": ""
        }, 
        "cli": {
            "frequency": "subhrPt", 
            "modeling_realm": "atmos", 
            "standard_name": "mass_fraction_of_cloud_ice_in_air", 
            "units": "kg kg-1", 
            "cell_methods": "area: point time: point", 
            "cell_measures": "", 
            "long_name": "Mass Fraction of Cloud Ice", 
            "comment": "Includes both large-scale and convective cloud. This is calculated as the mass of cloud ice in the grid cell divided by the mass of air (including the water in all phases) in the grid cell. It includes precipitating hydrometeors ONLY if the precipitating hydrometeors affect the calculation of radiative transfer in model.", 
            "dimensions": "alevel site time1", 
            "out_name": "cli", 
            "type": "real", 
            "positive": "", 
            "valid_min": "", 
            "valid_max": "", 
            "ok_min_mean_abs": "", 
            "ok_max_mean_abs": ""
        }, 
        "clivi": {
            "frequency": "subhrPt", 
            "modeling_realm": "atmos", 
            "standard_name": "atmosphere_mass_content_of_cloud_ice", 
            "units": "kg m-2", 
            "cell_methods": "area: point time: point", 
            "cell_measures": "", 
            "long_name": "Ice Water Path", 
            "comment": "mass of ice water in the column divided by the area of the column (not just the area of the cloudy portion of the column). Includes precipitating frozen hydrometeors ONLY if the precipitating hydrometeor affects the calculation of radiative transfer in model.", 
            "dimensions": "site time1", 
            "out_name": "clivi", 
            "type": "real", 
            "positive": "", 
            "valid_min": "", 
            "valid_max": "", 
            "ok_min_mean_abs": "", 
            "ok_max_mean_abs": ""
        }, 
        "clt": {
            "frequency": "subhrPt", 
            "modeling_realm": "atmos", 
            "standard_name": "cloud_area_fraction", 
            "units": "%", 
            "cell_methods": "area: point time: point", 
            "cell_measures": "", 
            "long_name": "Total Cloud Cover Percentage", 
            "comment": "Total cloud area fraction (reported as a percentage) for the whole atmospheric column, as seen from the surface or the top of the atmosphere. Includes both large-scale and convective cloud.", 
            "dimensions": "site time1", 
            "out_name": "clt", 
            "type": "real", 
            "positive": "", 
            "valid_min": "", 
            "valid_max": "", 
            "ok_min_mean_abs": "", 
            "ok_max_mean_abs": ""
        }, 
        "clw": {
            "frequency": "subhrPt", 
            "modeling_realm": "atmos", 
            "standard_name": "mass_fraction_of_cloud_liquid_water_in_air", 
            "units": "kg kg-1", 
            "cell_methods": "area: point time: point", 
            "cell_measures": "", 
            "long_name": "Mass Fraction of Cloud Liquid Water", 
            "comment": "Includes both large-scale and convective cloud. Calculate as the mass of cloud liquid water in the grid cell divided by the mass of air (including the water in all phases) in the grid cells. Precipitating hydrometeors are included ONLY if the precipitating hydrometeors affect the calculation of radiative transfer in model.", 
            "dimensions": "alevel site time1", 
            "out_name": "clw", 
            "type": "real", 
            "positive": "", 
            "valid_min": "", 
            "valid_max": "", 
            "ok_min_mean_abs": "", 
            "ok_max_mean_abs": ""
        }, 
        "clwvi": {
            "frequency": "subhrPt", 
            "modeling_realm": "atmos", 
            "standard_name": "atmosphere_mass_content_of_cloud_condensed_water", 
            "units": "kg m-2", 
            "cell_methods": "area: point time: point", 
            "cell_measures": "", 
            "long_name": "Condensed Water Path", 
            "comment": "Mass of condensed (liquid + ice) water in the column divided by the area of the column (not just the area of the cloudy portion of the column). Includes precipitating hydrometeors ONLY if the precipitating hydrometeors affect the calculation of radiative transfer in model.", 
            "dimensions": "site time1", 
            "out_name": "clwvi", 
            "type": "real", 
            "positive": "", 
            "valid_min": "", 
            "valid_max": "", 
            "ok_min_mean_abs": "", 
            "ok_max_mean_abs": ""
        }, 
        "edt": {
            "frequency": "subhrPt", 
            "modeling_realm": "atmos", 
            "standard_name": "atmosphere_heat_diffusivity", 
            "units": "m2 s-1", 
            "cell_methods": "area: point time: point", 
            "cell_measures": "", 
            "long_name": "Eddy Diffusivity Coefficient for Temperature", 
            "comment": "Vertical diffusion coefficient for temperature due to parametrised eddies", 
            "dimensions": "alevel site time1", 
            "out_name": "edt", 
            "type": "real", 
            "positive": "", 
            "valid_min": "", 
            "valid_max": "", 
            "ok_min_mean_abs": "", 
            "ok_max_mean_abs": ""
        }, 
        "evspsbl": {
            "frequency": "subhrPt", 
            "modeling_realm": "atmos", 
            "standard_name": "water_evapotranspiration_flux", 
            "units": "kg m-2 s-1", 
            "cell_methods": "area: point time: point", 
            "cell_measures": "", 
            "long_name": "Evaporation Including Sublimation and Transpiration", 
            "comment": "Evaporation at surface (also known as evapotranspiration): flux of water into the atmosphere due to conversion of both liquid and solid phases to vapor (from underlying surface and vegetation)", 
            "dimensions": "site time1", 
            "out_name": "evspsbl", 
            "type": "real", 
            "positive": "", 
            "valid_min": "", 
            "valid_max": "", 
            "ok_min_mean_abs": "", 
            "ok_max_mean_abs": ""
        }, 
        "evu": {
            "frequency": "subhrPt", 
            "modeling_realm": "atmos", 
            "standard_name": "atmosphere_momentum_diffusivity", 
            "units": "m2 s-1", 
            "cell_methods": "area: point time: point", 
            "cell_measures": "", 
            "long_name": "Eddy Viscosity Coefficient for Momentum", 
            "comment": "Vertical diffusion coefficient for momentum due to parametrised eddies", 
            "dimensions": "alevel site time1", 
            "out_name": "evu", 
            "type": "real", 
            "positive": "", 
            "valid_min": "", 
            "valid_max": "", 
            "ok_min_mean_abs": "", 
            "ok_max_mean_abs": ""
        }, 
        "fco2antt": {
            "frequency": "subhrPt", 
            "modeling_realm": "atmos", 
            "standard_name": "tendency_of_atmosphere_mass_content_of_carbon_dioxide_expressed_as_carbon_due_to_anthropogenic_emission", 
            "units": "kg m-2 s-1", 
            "cell_methods": "area: point time: point", 
            "cell_measures": "", 
            "long_name": "Carbon Mass Flux into Atmosphere Due to All Anthropogenic Emissions of CO2 [kgC m-2 s-1]", 
            "comment": "This is requested only for the emission-driven coupled carbon climate model runs.  Does not include natural fire sources but, includes all anthropogenic sources, including fossil fuel use, cement production, agricultural burning, and sources associated with anthropogenic land use change excluding forest regrowth.", 
            "dimensions": "site time1", 
            "out_name": "fco2antt", 
            "type": "real", 
            "positive": "", 
            "valid_min": "", 
            "valid_max": "", 
            "ok_min_mean_abs": "", 
            "ok_max_mean_abs": ""
        }, 
        "fco2fos": {
            "frequency": "subhrPt", 
            "modeling_realm": "atmos", 
            "standard_name": "tendency_of_atmosphere_mass_content_of_carbon_dioxide_expressed_as_carbon_due_to_emission_from_fossil_fuel_combustion", 
            "units": "kg m-2 s-1", 
            "cell_methods": "area: point time: point", 
            "cell_measures": "", 
            "long_name": "Carbon Mass Flux into Atmosphere Due to Fossil Fuel Emissions of CO2 [kgC m-2 s-1]", 
            "comment": "This is the prescribed anthropogenic CO2 flux from fossil fuel use, including cement production, and flaring (but not from land-use changes, agricultural burning, forest regrowth, etc.)", 
            "dimensions": "site time1", 
            "out_name": "fco2fos", 
            "type": "real", 
            "positive": "", 
            "valid_min": "", 
            "valid_max": "", 
            "ok_min_mean_abs": "", 
            "ok_max_mean_abs": ""
        }, 
        "fco2nat": {
            "frequency": "subhrPt", 
            "modeling_realm": "atmos", 
            "standard_name": "surface_upward_mass_flux_of_carbon_dioxide_expressed_as_carbon_due_to_emission_from_natural_sources", 
            "units": "kg m-2 s-1", 
            "cell_methods": "area: point time: point", 
            "cell_measures": "", 
            "long_name": "Surface Carbon Mass Flux into the Atmosphere Due to Natural Sources [kgC m-2 s-1]", 
            "comment": "This is what the atmosphere sees (on its own grid).  This field should be equivalent to the combined natural fluxes of carbon  that account for natural exchanges between the atmosphere and land (nep) or ocean (fgco2) reservoirs.", 
            "dimensions": "site time1", 
            "out_name": "fco2nat", 
            "type": "real", 
            "positive": "", 
            "valid_min": "", 
            "valid_max": "", 
            "ok_min_mean_abs": "", 
            "ok_max_mean_abs": ""
        }, 
        "hfls": {
            "frequency": "subhrPt", 
            "modeling_realm": "atmos", 
            "standard_name": "surface_upward_latent_heat_flux", 
            "units": "W m-2", 
            "cell_methods": "area: point time: point", 
            "cell_measures": "", 
            "long_name": "Surface Upward Latent Heat Flux", 
            "comment": "The surface called 'surface' means the lower boundary of the atmosphere. 'Upward' indicates a vector component which is positive when directed upward (negative downward). The surface latent heat flux is the exchange of heat between the surface and the air on account of evaporation (including sublimation). In accordance with common usage in geophysical disciplines, 'flux' implies per unit area, called 'flux density' in physics.", 
            "dimensions": "site time1", 
            "out_name": "hfls", 
            "type": "real", 
            "positive": "up", 
            "valid_min": "", 
            "valid_max": "", 
            "ok_min_mean_abs": "", 
            "ok_max_mean_abs": ""
        }, 
        "hfss": {
            "frequency": "subhrPt", 
            "modeling_realm": "atmos", 
            "standard_name": "surface_upward_sensible_heat_flux", 
            "units": "W m-2", 
            "cell_methods": "area: point time: point", 
            "cell_measures": "", 
            "long_name": "Surface Upward Sensible Heat Flux", 
            "comment": "The surface sensible heat flux, also called turbulent heat flux, is the exchange of heat between the surface and the air by motion of air.", 
            "dimensions": "site time1", 
            "out_name": "hfss", 
            "type": "real", 
            "positive": "up", 
            "valid_min": "", 
            "valid_max": "", 
            "ok_min_mean_abs": "", 
            "ok_max_mean_abs": ""
        }, 
        "hur": {
            "frequency": "subhrPt", 
            "modeling_realm": "atmos", 
            "standard_name": "relative_humidity", 
            "units": "%", 
            "cell_methods": "area: point time: point", 
            "cell_measures": "", 
            "long_name": "Relative Humidity", 
            "comment": "The relative humidity with respect to liquid water for T> 0 C, and with respect to ice for T<0 C.", 
            "dimensions": "alevel site time1", 
            "out_name": "hur", 
            "type": "real", 
            "positive": "", 
            "valid_min": "", 
            "valid_max": "", 
            "ok_min_mean_abs": "", 
            "ok_max_mean_abs": ""
        }, 
        "hurs": {
            "frequency": "subhrPt", 
            "modeling_realm": "atmos", 
            "standard_name": "relative_humidity", 
            "units": "%", 
            "cell_methods": "area: point time: point", 
            "cell_measures": "", 
            "long_name": "Near-Surface Relative Humidity", 
            "comment": "The relative humidity with respect to liquid water for T> 0 C, and with respect to ice for T<0 C.", 
            "dimensions": "site time1 height2m", 
            "out_name": "hurs", 
            "type": "real", 
            "positive": "", 
            "valid_min": "", 
            "valid_max": "", 
            "ok_min_mean_abs": "", 
            "ok_max_mean_abs": ""
        }, 
        "hus": {
            "frequency": "subhrPt", 
            "modeling_realm": "atmos", 
            "standard_name": "specific_humidity", 
            "units": "1", 
            "cell_methods": "area: point time: point", 
            "cell_measures": "", 
            "long_name": "Specific Humidity", 
            "comment": "Specific humidity is the mass fraction of water vapor in (moist) air.", 
            "dimensions": "alevel site time1", 
            "out_name": "hus", 
            "type": "real", 
            "positive": "", 
            "valid_min": "", 
            "valid_max": "", 
            "ok_min_mean_abs": "", 
            "ok_max_mean_abs": ""
        }, 
        "huss": {
            "frequency": "subhrPt", 
            "modeling_realm": "atmos", 
            "standard_name": "specific_humidity", 
            "units": "1", 
            "cell_methods": "area: point time: point", 
            "cell_measures": "", 
            "long_name": "Near-Surface Specific Humidity", 
            "comment": "Near-surface (usually, 2 meter) specific humidity.", 
            "dimensions": "site time1 height2m", 
            "out_name": "huss", 
            "type": "real", 
            "positive": "", 
            "valid_min": "", 
            "valid_max": "", 
            "ok_min_mean_abs": "", 
            "ok_max_mean_abs": ""
        }, 
        "latitude": {
            "frequency": "fx", 
            "modeling_realm": "atmos", 
            "standard_name": "latitude", 
            "units": "degrees_north", 
            "cell_methods": "area: point", 
            "cell_measures": "", 
            "long_name": "Latitude", 
            "comment": "Latitude is positive northward; its units of degree_north (or equivalent) indicate this explicitly. In a latitude-longitude system defined with respect to a rotated North Pole, the standard name of grid_latitude should be used instead of latitude. Grid latitude is positive in the grid-northward direction, but its units should be plain degree.", 
            "dimensions": "site", 
            "out_name": "lat", 
            "type": "real", 
            "positive": "", 
            "valid_min": "", 
            "valid_max": "", 
            "ok_min_mean_abs": "", 
            "ok_max_mean_abs": ""
        }, 
        "longitude": {
            "frequency": "fx", 
            "modeling_realm": "atmos", 
            "standard_name": "longitude", 
            "units": "degrees_east", 
            "cell_methods": "area: point", 
            "cell_measures": "", 
            "long_name": "Longitude", 
            "comment": "Longitude is positive eastward; its units of degree_east (or equivalent) indicate this explicitly. In a latitude-longitude system defined with respect to a rotated North Pole, the standard name of grid_longitude should be used instead of longitude. Grid longitude is positive in the grid-eastward direction, but its units should be plain degree.", 
            "dimensions": "site", 
            "out_name": "lon", 
            "type": "real", 
            "positive": "", 
            "valid_min": "", 
            "valid_max": "", 
            "ok_min_mean_abs": "", 
            "ok_max_mean_abs": ""
        }, 
        "mc": {
            "frequency": "subhrPt", 
            "modeling_realm": "atmos", 
            "standard_name": "atmosphere_net_upward_convective_mass_flux", 
            "units": "kg m-2 s-1", 
            "cell_methods": "area: point time: point", 
            "cell_measures": "", 
            "long_name": "Convective Mass Flux", 
            "comment": "The net mass flux should represent the difference between the updraft and downdraft components.  The flux is computed as the mass divided by the area of the grid cell.", 
            "dimensions": "alevhalf site time1", 
            "out_name": "mc", 
            "type": "real", 
            "positive": "up", 
            "valid_min": "", 
            "valid_max": "", 
            "ok_min_mean_abs": "", 
            "ok_max_mean_abs": ""
        }, 
        "pfull": {
            "frequency": "subhrPt", 
            "modeling_realm": "atmos", 
            "standard_name": "air_pressure", 
            "units": "Pa", 
            "cell_methods": "area: point time: point", 
            "cell_measures": "", 
            "long_name": "Pressure at Model Full-Levels", 
            "comment": "Air pressure on model levels", 
            "dimensions": "alevel site time1", 
            "out_name": "pfull", 
            "type": "real", 
            "positive": "", 
            "valid_min": "", 
            "valid_max": "", 
            "ok_min_mean_abs": "", 
            "ok_max_mean_abs": ""
        }, 
        "phalf": {
            "frequency": "subhrPt", 
            "modeling_realm": "atmos", 
            "standard_name": "air_pressure", 
            "units": "Pa", 
            "cell_methods": "area: point time: point", 
            "cell_measures": "", 
            "long_name": "Pressure on Model Half-Levels", 
            "comment": "Air pressure on model half-levels", 
            "dimensions": "alevhalf site time1", 
            "out_name": "phalf", 
            "type": "real", 
            "positive": "", 
            "valid_min": "", 
            "valid_max": "", 
            "ok_min_mean_abs": "", 
            "ok_max_mean_abs": ""
        }, 
        "pr": {
            "frequency": "subhrPt", 
            "modeling_realm": "atmos", 
            "standard_name": "precipitation_flux", 
            "units": "kg m-2 s-1", 
            "cell_methods": "area: point time: point", 
            "cell_measures": "", 
            "long_name": "Precipitation", 
            "comment": "includes both liquid and solid phases", 
            "dimensions": "site time1", 
            "out_name": "pr", 
            "type": "real", 
            "positive": "", 
            "valid_min": "", 
            "valid_max": "", 
            "ok_min_mean_abs": "", 
            "ok_max_mean_abs": ""
        }, 
        "prc": {
            "frequency": "subhrPt", 
            "modeling_realm": "atmos", 
            "standard_name": "convective_precipitation_flux", 
            "units": "kg m-2 s-1", 
            "cell_methods": "area: point time: point", 
            "cell_measures": "", 
            "long_name": "Convective Precipitation", 
            "comment": "Convective precipitation at surface; includes both liquid and solid phases.", 
            "dimensions": "site time1", 
            "out_name": "prc", 
            "type": "real", 
            "positive": "", 
            "valid_min": "", 
            "valid_max": "", 
            "ok_min_mean_abs": "", 
            "ok_max_mean_abs": ""
        }, 
        "prsn": {
            "frequency": "subhrPt", 
            "modeling_realm": "atmos", 
            "standard_name": "snowfall_flux", 
            "units": "kg m-2 s-1", 
            "cell_methods": "area: point time: point", 
            "cell_measures": "", 
            "long_name": "Snowfall Flux", 
            "comment": "At surface; includes precipitation of all forms of water in the solid phase", 
            "dimensions": "site time1", 
            "out_name": "prsn", 
            "type": "real", 
            "positive": "", 
            "valid_min": "", 
            "valid_max": "", 
            "ok_min_mean_abs": "", 
            "ok_max_mean_abs": ""
        }, 
        "prw": {
            "frequency": "subhrPt", 
            "modeling_realm": "atmos", 
            "standard_name": "atmosphere_mass_content_of_water_vapor", 
            "units": "kg m-2", 
            "cell_methods": "area: point time: point", 
            "cell_measures": "", 
            "long_name": "Water Vapor Path", 
            "comment": "vertically integrated through the atmospheric column", 
            "dimensions": "site time1", 
            "out_name": "prw", 
            "type": "real", 
            "positive": "", 
            "valid_min": "", 
            "valid_max": "", 
            "ok_min_mean_abs": "", 
            "ok_max_mean_abs": ""
        }, 
        "ps": {
            "frequency": "subhrPt", 
            "modeling_realm": "atmos", 
            "standard_name": "surface_air_pressure", 
            "units": "Pa", 
            "cell_methods": "area: point time: point", 
            "cell_measures": "", 
            "long_name": "Surface Air Pressure", 
            "comment": "surface pressure (not mean sea-level pressure), 2-D field to calculate the 3-D pressure field from hybrid coordinates", 
            "dimensions": "site time1", 
            "out_name": "ps", 
            "type": "real", 
            "positive": "", 
            "valid_min": "", 
            "valid_max": "", 
            "ok_min_mean_abs": "", 
            "ok_max_mean_abs": ""
        }, 
        "psl": {
            "frequency": "subhrPt", 
            "modeling_realm": "atmos", 
            "standard_name": "air_pressure_at_mean_sea_level", 
            "units": "Pa", 
            "cell_methods": "area: point time: point", 
            "cell_measures": "", 
            "long_name": "Sea Level Pressure", 
            "comment": "Sea Level Pressure", 
            "dimensions": "site time1", 
            "out_name": "psl", 
            "type": "real", 
            "positive": "", 
            "valid_min": "", 
            "valid_max": "", 
            "ok_min_mean_abs": "", 
            "ok_max_mean_abs": ""
        }, 
        "rld": {
            "frequency": "subhrPt", 
            "modeling_realm": "atmos", 
            "standard_name": "downwelling_longwave_flux_in_air", 
            "units": "W m-2", 
            "cell_methods": "area: point time: point", 
            "cell_measures": "", 
            "long_name": "Downwelling Longwave Radiation", 
            "comment": "Downwelling Longwave Radiation (includes the fluxes at the surface and TOA)", 
            "dimensions": "alevhalf site time1", 
            "out_name": "rld", 
            "type": "real", 
            "positive": "down", 
            "valid_min": "", 
            "valid_max": "", 
            "ok_min_mean_abs": "", 
            "ok_max_mean_abs": ""
        }, 
        "rldcs": {
            "frequency": "subhrPt", 
            "modeling_realm": "atmos", 
            "standard_name": "downwelling_longwave_flux_in_air_assuming_clear_sky", 
            "units": "W m-2", 
            "cell_methods": "area: point time: point", 
            "cell_measures": "", 
            "long_name": "Downwelling Clear-Sky Longwave Radiation", 
            "comment": "Downwelling clear-sky longwave radiation (includes the fluxes at the surface and TOA)", 
            "dimensions": "alevhalf site time1", 
            "out_name": "rldcs", 
            "type": "real", 
            "positive": "down", 
            "valid_min": "", 
            "valid_max": "", 
            "ok_min_mean_abs": "", 
            "ok_max_mean_abs": ""
        }, 
        "rlds": {
            "frequency": "subhrPt", 
            "modeling_realm": "atmos", 
            "standard_name": "surface_downwelling_longwave_flux_in_air", 
            "units": "W m-2", 
            "cell_methods": "area: point time: point", 
            "cell_measures": "", 
            "long_name": "Surface Downwelling Longwave Radiation", 
            "comment": "The surface called 'surface' means the lower boundary of the atmosphere. 'longwave' means longwave radiation. Downwelling radiation is radiation from above. It does not mean 'net downward'. When thought of as being incident on a surface, a radiative flux is sometimes called 'irradiance'. In addition, it is identical with the quantity measured by a cosine-collector light-meter and sometimes called 'vector irradiance'. In accordance with common usage in geophysical disciplines, 'flux' implies per unit area, called 'flux density' in physics.", 
            "dimensions": "site time1", 
            "out_name": "rlds", 
            "type": "real", 
            "positive": "down", 
            "valid_min": "", 
            "valid_max": "", 
            "ok_min_mean_abs": "", 
            "ok_max_mean_abs": ""
        }, 
        "rldscs": {
            "frequency": "subhrPt", 
            "modeling_realm": "atmos", 
            "standard_name": "surface_downwelling_longwave_flux_in_air_assuming_clear_sky", 
            "units": "W m-2", 
            "cell_methods": "area: point time: point", 
            "cell_measures": "", 
            "long_name": "Surface Downwelling Clear-Sky Longwave Radiation", 
            "comment": "Surface downwelling clear-sky longwave radiation", 
            "dimensions": "site time1", 
            "out_name": "rldscs", 
            "type": "real", 
            "positive": "down", 
            "valid_min": "", 
            "valid_max": "", 
            "ok_min_mean_abs": "", 
            "ok_max_mean_abs": ""
        }, 
        "rlu": {
            "frequency": "subhrPt", 
            "modeling_realm": "atmos", 
            "standard_name": "upwelling_longwave_flux_in_air", 
            "units": "W m-2", 
            "cell_methods": "area: point time: point", 
            "cell_measures": "", 
            "long_name": "Upwelling Longwave Radiation", 
            "comment": "Upwelling longwave radiation (includes the fluxes at the surface and TOA)", 
            "dimensions": "alevhalf site time1", 
            "out_name": "rlu", 
            "type": "real", 
            "positive": "up", 
            "valid_min": "", 
            "valid_max": "", 
            "ok_min_mean_abs": "", 
            "ok_max_mean_abs": ""
        }, 
        "rlucs": {
            "frequency": "subhrPt", 
            "modeling_realm": "atmos", 
            "standard_name": "upwelling_longwave_flux_in_air_assuming_clear_sky", 
            "units": "W m-2", 
            "cell_methods": "area: point time: point", 
            "cell_measures": "", 
            "long_name": "Upwelling Clear-Sky Longwave Radiation", 
            "comment": "Upwelling clear-sky longwave radiation  (includes the fluxes at the surface and TOA)", 
            "dimensions": "alevhalf site time1", 
            "out_name": "rlucs", 
            "type": "real", 
            "positive": "up", 
            "valid_min": "", 
            "valid_max": "", 
            "ok_min_mean_abs": "", 
            "ok_max_mean_abs": ""
        }, 
        "rlus": {
            "frequency": "subhrPt", 
            "modeling_realm": "atmos", 
            "standard_name": "surface_upwelling_longwave_flux_in_air", 
            "units": "W m-2", 
            "cell_methods": "area: point time: point", 
            "cell_measures": "", 
            "long_name": "Surface Upwelling Longwave Radiation", 
            "comment": "The surface called 'surface' means the lower boundary of the atmosphere. 'longwave' means longwave radiation. Upwelling radiation is radiation from below. It does not mean 'net upward'. When thought of as being incident on a surface, a radiative flux is sometimes called 'irradiance'. In addition, it is identical with the quantity measured by a cosine-collector light-meter and sometimes called 'vector irradiance'. In accordance with common usage in geophysical disciplines, 'flux' implies per unit area, called 'flux density' in physics.", 
            "dimensions": "site time1", 
            "out_name": "rlus", 
            "type": "real", 
            "positive": "up", 
            "valid_min": "", 
            "valid_max": "", 
            "ok_min_mean_abs": "", 
            "ok_max_mean_abs": ""
        }, 
        "rlut": {
            "frequency": "subhrPt", 
            "modeling_realm": "atmos", 
            "standard_name": "toa_outgoing_longwave_flux", 
            "units": "W m-2", 
            "cell_methods": "area: point time: point", 
            "cell_measures": "", 
            "long_name": "TOA Outgoing Longwave Radiation", 
            "comment": "at the top of the atmosphere (to be compared with satellite measurements)", 
            "dimensions": "site time1", 
            "out_name": "rlut", 
            "type": "real", 
            "positive": "up", 
            "valid_min": "", 
            "valid_max": "", 
            "ok_min_mean_abs": "", 
            "ok_max_mean_abs": ""
        }, 
        "rlutcs": {
            "frequency": "subhrPt", 
            "modeling_realm": "atmos", 
            "standard_name": "toa_outgoing_longwave_flux_assuming_clear_sky", 
            "units": "W m-2", 
            "cell_methods": "area: point time: point", 
            "cell_measures": "", 
            "long_name": "TOA Outgoing Clear-Sky Longwave Radiation", 
            "comment": "Upwelling clear-sky longwave radiation at top of atmosphere", 
            "dimensions": "site time1", 
            "out_name": "rlutcs", 
            "type": "real", 
            "positive": "up", 
            "valid_min": "", 
            "valid_max": "", 
            "ok_min_mean_abs": "", 
            "ok_max_mean_abs": ""
        }, 
        "rsd": {
            "frequency": "subhrPt", 
            "modeling_realm": "atmos", 
            "standard_name": "downwelling_shortwave_flux_in_air", 
            "units": "W m-2", 
            "cell_methods": "area: point time: point", 
            "cell_measures": "", 
            "long_name": "Downwelling Shortwave Radiation", 
            "comment": "Downwelling shortwave radiation (includes the fluxes at the surface and top-of-atmosphere)", 
            "dimensions": "alevhalf site time1", 
            "out_name": "rsd", 
            "type": "real", 
            "positive": "down", 
            "valid_min": "", 
            "valid_max": "", 
            "ok_min_mean_abs": "", 
            "ok_max_mean_abs": ""
        }, 
        "rsdcs": {
            "frequency": "subhrPt", 
            "modeling_realm": "atmos", 
            "standard_name": "downwelling_shortwave_flux_in_air_assuming_clear_sky", 
            "units": "W m-2", 
            "cell_methods": "area: point time: point", 
            "cell_measures": "", 
            "long_name": "Downwelling Clear-Sky Shortwave Radiation", 
            "comment": "Downwelling clear-sky shortwave radiation (includes the fluxes at the surface and top-of-atmosphere)", 
            "dimensions": "alevhalf site time1", 
            "out_name": "rsdcs", 
            "type": "real", 
            "positive": "down", 
            "valid_min": "", 
            "valid_max": "", 
            "ok_min_mean_abs": "", 
            "ok_max_mean_abs": ""
        }, 
        "rsds": {
            "frequency": "subhrPt", 
            "modeling_realm": "atmos", 
            "standard_name": "surface_downwelling_shortwave_flux_in_air", 
            "units": "W m-2", 
            "cell_methods": "area: point time: point", 
            "cell_measures": "", 
            "long_name": "Surface Downwelling Shortwave Radiation", 
            "comment": "Surface solar irradiance for UV calculations.", 
            "dimensions": "site time1", 
            "out_name": "rsds", 
            "type": "real", 
            "positive": "down", 
            "valid_min": "", 
            "valid_max": "", 
            "ok_min_mean_abs": "", 
            "ok_max_mean_abs": ""
        }, 
        "rsdscs": {
            "frequency": "subhrPt", 
            "modeling_realm": "atmos", 
            "standard_name": "surface_downwelling_shortwave_flux_in_air_assuming_clear_sky", 
            "units": "W m-2", 
            "cell_methods": "area: point time: point", 
            "cell_measures": "", 
            "long_name": "Surface Downwelling Clear-Sky Shortwave Radiation", 
            "comment": "Surface solar irradiance clear sky for UV calculations", 
            "dimensions": "site time1", 
            "out_name": "rsdscs", 
            "type": "real", 
            "positive": "down", 
            "valid_min": "", 
            "valid_max": "", 
            "ok_min_mean_abs": "", 
            "ok_max_mean_abs": ""
        }, 
        "rsdt": {
            "frequency": "subhrPt", 
            "modeling_realm": "atmos", 
            "standard_name": "toa_incoming_shortwave_flux", 
            "units": "W m-2", 
            "cell_methods": "area: point time: point", 
            "cell_measures": "", 
            "long_name": "TOA Incident Shortwave Radiation", 
            "comment": "Shortwave radiation incident at the top of the atmosphere", 
            "dimensions": "site time1", 
            "out_name": "rsdt", 
            "type": "real", 
            "positive": "down", 
            "valid_min": "", 
            "valid_max": "", 
            "ok_min_mean_abs": "", 
            "ok_max_mean_abs": ""
        }, 
        "rsu": {
            "frequency": "subhrPt", 
            "modeling_realm": "atmos", 
            "standard_name": "upwelling_shortwave_flux_in_air", 
            "units": "W m-2", 
            "cell_methods": "area: point time: point", 
            "cell_measures": "", 
            "long_name": "Upwelling Shortwave Radiation", 
            "comment": "Upwelling shortwave radiation  (includes also the fluxes at the surface and top of atmosphere)", 
            "dimensions": "alevhalf site time1", 
            "out_name": "rsu", 
            "type": "real", 
            "positive": "up", 
            "valid_min": "", 
            "valid_max": "", 
            "ok_min_mean_abs": "", 
            "ok_max_mean_abs": ""
        }, 
        "rsucs": {
            "frequency": "subhrPt", 
            "modeling_realm": "atmos", 
            "standard_name": "upwelling_shortwave_flux_in_air_assuming_clear_sky", 
            "units": "W m-2", 
            "cell_methods": "area: point time: point", 
            "cell_measures": "", 
            "long_name": "Upwelling Clear-Sky Shortwave Radiation", 
            "comment": "Upwelling clear-sky shortwave radiation  (includes the fluxes at the surface and TOA)", 
            "dimensions": "alevhalf site time1", 
            "out_name": "rsucs", 
            "type": "real", 
            "positive": "up", 
            "valid_min": "", 
            "valid_max": "", 
            "ok_min_mean_abs": "", 
            "ok_max_mean_abs": ""
        }, 
        "rsus": {
            "frequency": "subhrPt", 
            "modeling_realm": "atmos", 
            "standard_name": "surface_upwelling_shortwave_flux_in_air", 
            "units": "W m-2", 
            "cell_methods": "area: point time: point", 
            "cell_measures": "", 
            "long_name": "Surface Upwelling Shortwave Radiation", 
            "comment": "The surface called 'surface' means the lower boundary of the atmosphere. 'shortwave' means shortwave radiation. Upwelling radiation is radiation from below. It does not mean 'net upward'. When thought of as being incident on a surface, a radiative flux is sometimes called 'irradiance'. In addition, it is identical with the quantity measured by a cosine-collector light-meter and sometimes called 'vector irradiance'. In accordance with common usage in geophysical disciplines, 'flux' implies per unit area, called 'flux density' in physics.", 
            "dimensions": "site time1", 
            "out_name": "rsus", 
            "type": "real", 
            "positive": "up", 
            "valid_min": "", 
            "valid_max": "", 
            "ok_min_mean_abs": "", 
            "ok_max_mean_abs": ""
        }, 
        "rsuscs": {
            "frequency": "subhrPt", 
            "modeling_realm": "atmos", 
            "standard_name": "surface_upwelling_shortwave_flux_in_air_assuming_clear_sky", 
            "units": "W m-2", 
            "cell_methods": "area: point time: point", 
            "cell_measures": "", 
            "long_name": "Surface Upwelling Clear-Sky Shortwave Radiation", 
            "comment": "Surface Upwelling Clear-sky Shortwave Radiation", 
            "dimensions": "site time1", 
            "out_name": "rsuscs", 
            "type": "real", 
            "positive": "up", 
            "valid_min": "", 
            "valid_max": "", 
            "ok_min_mean_abs": "", 
            "ok_max_mean_abs": ""
        }, 
        "rsut": {
            "frequency": "subhrPt", 
            "modeling_realm": "atmos", 
            "standard_name": "toa_outgoing_shortwave_flux", 
            "units": "W m-2", 
            "cell_methods": "area: point time: point", 
            "cell_measures": "", 
            "long_name": "TOA Outgoing Shortwave Radiation", 
            "comment": "at the top of the atmosphere", 
            "dimensions": "site time1", 
            "out_name": "rsut", 
            "type": "real", 
            "positive": "up", 
            "valid_min": "", 
            "valid_max": "", 
            "ok_min_mean_abs": "", 
            "ok_max_mean_abs": ""
        }, 
        "rsutcs": {
            "frequency": "subhrPt", 
            "modeling_realm": "atmos", 
            "standard_name": "toa_outgoing_shortwave_flux_assuming_clear_sky", 
            "units": "W m-2", 
            "cell_methods": "area: point time: point", 
            "cell_measures": "", 
            "long_name": "TOA Outgoing Clear-Sky Shortwave Radiation", 
            "comment": "Calculated in the absence of clouds.", 
            "dimensions": "site time1", 
            "out_name": "rsutcs", 
            "type": "real", 
            "positive": "up", 
            "valid_min": "", 
            "valid_max": "", 
            "ok_min_mean_abs": "", 
            "ok_max_mean_abs": ""
        }, 
        "rtmt": {
            "frequency": "subhrPt", 
            "modeling_realm": "atmos", 
            "standard_name": "net_downward_radiative_flux_at_top_of_atmosphere_model", 
            "units": "W m-2", 
            "cell_methods": "area: point time: point", 
            "cell_measures": "", 
            "long_name": "Net Downward Radiative Flux at Top of Model", 
            "comment": "Net Downward Radiative Flux at Top of Model : I.e., at the top of that portion of the atmosphere where dynamics are explicitly treated by the model. This is reported only if it differs from the net downward radiative flux at the top of the atmosphere.", 
            "dimensions": "site time1", 
            "out_name": "rtmt", 
            "type": "real", 
            "positive": "down", 
            "valid_min": "", 
            "valid_max": "", 
            "ok_min_mean_abs": "", 
            "ok_max_mean_abs": ""
        }, 
        "sbl": {
            "frequency": "subhrPt", 
            "modeling_realm": "landIce", 
            "standard_name": "tendency_of_atmosphere_mass_content_of_water_vapor_due_to_sublimation_of_surface_snow_and_ice", 
            "units": "kg m-2 s-1", 
            "cell_methods": "area: point time: point", 
            "cell_measures": "", 
            "long_name": "Surface Snow and Ice Sublimation Flux", 
            "comment": "The snow and ice sublimation flux is the loss of snow and ice mass per unit area from the surface resulting from their direct conversion to water vapor that enters the atmosphere.", 
            "dimensions": "site time1", 
            "out_name": "sbl", 
            "type": "real", 
            "positive": "", 
            "valid_min": "", 
            "valid_max": "", 
            "ok_min_mean_abs": "", 
            "ok_max_mean_abs": ""
        }, 
        "sci": {
            "frequency": "subhrPt", 
            "modeling_realm": "atmos", 
            "standard_name": "shallow_convection_time_fraction", 
            "units": "1", 
            "cell_methods": "area: point time: point", 
            "cell_measures": "", 
            "long_name": "Fraction of Time Shallow Convection Occurs", 
            "comment": "Fraction of time that shallow convection occurs in the grid cell.", 
            "dimensions": "site time1", 
            "out_name": "sci", 
            "type": "real", 
            "positive": "", 
            "valid_min": "", 
            "valid_max": "", 
            "ok_min_mean_abs": "", 
            "ok_max_mean_abs": ""
        }, 
        "sfcWind": {
            "frequency": "subhrPt", 
            "modeling_realm": "atmos", 
            "standard_name": "wind_speed", 
            "units": "m s-1", 
            "cell_methods": "area: point time: point", 
            "cell_measures": "", 
            "long_name": "Near-Surface Wind Speed", 
            "comment": "near-surface (usually, 10 meters) wind speed.", 
            "dimensions": "site time1 height10m", 
            "out_name": "sfcWind", 
            "type": "real", 
            "positive": "", 
            "valid_min": "", 
            "valid_max": "", 
            "ok_min_mean_abs": "", 
            "ok_max_mean_abs": ""
        }, 
        "ta": {
            "frequency": "subhrPt", 
            "modeling_realm": "atmos", 
            "standard_name": "air_temperature", 
            "units": "K", 
            "cell_methods": "area: point time: point", 
            "cell_measures": "", 
            "long_name": "Air Temperature", 
            "comment": "Air Temperature", 
            "dimensions": "alevel site time1", 
            "out_name": "ta", 
            "type": "real", 
            "positive": "", 
            "valid_min": "", 
            "valid_max": "", 
            "ok_min_mean_abs": "", 
            "ok_max_mean_abs": ""
        }, 
        "tas": {
            "frequency": "subhrPt", 
            "modeling_realm": "atmos", 
            "standard_name": "air_temperature", 
            "units": "K", 
            "cell_methods": "area: point time: point", 
            "cell_measures": "", 
            "long_name": "Near-Surface Air Temperature", 
            "comment": "near-surface (usually, 2 meter) air temperature", 
            "dimensions": "site time1 height2m", 
            "out_name": "tas", 
            "type": "real", 
            "positive": "", 
            "valid_min": "", 
            "valid_max": "", 
            "ok_min_mean_abs": "", 
            "ok_max_mean_abs": ""
        }, 
        "tauu": {
            "frequency": "subhrPt", 
            "modeling_realm": "atmos", 
            "standard_name": "surface_downward_eastward_stress", 
            "units": "Pa", 
            "cell_methods": "area: point time: point", 
            "cell_measures": "", 
            "long_name": "Surface Downward Eastward Wind Stress", 
            "comment": "Downward eastward wind stress at the surface", 
            "dimensions": "site time1", 
            "out_name": "tauu", 
            "type": "real", 
            "positive": "down", 
            "valid_min": "", 
            "valid_max": "", 
            "ok_min_mean_abs": "", 
            "ok_max_mean_abs": ""
        }, 
        "tauv": {
            "frequency": "subhrPt", 
            "modeling_realm": "atmos", 
            "standard_name": "surface_downward_northward_stress", 
            "units": "Pa", 
            "cell_methods": "area: point time: point", 
            "cell_measures": "", 
            "long_name": "Surface Downward Northward Wind Stress", 
            "comment": "Downward northward wind stress at the surface", 
            "dimensions": "site time1", 
            "out_name": "tauv", 
            "type": "real", 
            "positive": "down", 
            "valid_min": "", 
            "valid_max": "", 
            "ok_min_mean_abs": "", 
            "ok_max_mean_abs": ""
        }, 
        "tnhus": {
            "frequency": "subhrPt", 
            "modeling_realm": "atmos", 
            "standard_name": "tendency_of_specific_humidity", 
            "units": "s-1", 
            "cell_methods": "area: point time: point", 
            "cell_measures": "", 
            "long_name": "Tendency of Specific Humidity", 
            "comment": "Tendency of Specific Humidity", 
            "dimensions": "alevel site time1", 
            "out_name": "tnhus", 
            "type": "real", 
            "positive": "", 
            "valid_min": "", 
            "valid_max": "", 
            "ok_min_mean_abs": "", 
            "ok_max_mean_abs": ""
        }, 
        "tnhusa": {
            "frequency": "subhrPt", 
            "modeling_realm": "atmos", 
            "standard_name": "tendency_of_specific_humidity_due_to_advection", 
            "units": "s-1", 
            "cell_methods": "area: point time: point", 
            "cell_measures": "", 
            "long_name": "Tendency of Specific Humidity Due to Advection", 
            "comment": "Tendency of Specific Humidity due to Advection", 
            "dimensions": "alevel site time1", 
            "out_name": "tnhusa", 
            "type": "real", 
            "positive": "", 
            "valid_min": "", 
            "valid_max": "", 
            "ok_min_mean_abs": "", 
            "ok_max_mean_abs": ""
        }, 
        "tnhusc": {
            "frequency": "subhrPt", 
            "modeling_realm": "atmos", 
            "standard_name": "tendency_of_specific_humidity_due_to_convection", 
            "units": "s-1", 
            "cell_methods": "area: point time: point", 
            "cell_measures": "", 
            "long_name": "Tendency of Specific Humidity Due to Convection", 
            "comment": "Tendencies from cumulus convection scheme.", 
            "dimensions": "alevel site time1", 
            "out_name": "tnhusc", 
            "type": "real", 
            "positive": "", 
            "valid_min": "", 
            "valid_max": "", 
            "ok_min_mean_abs": "", 
            "ok_max_mean_abs": ""
        }, 
        "tnhusd": {
            "frequency": "subhrPt", 
            "modeling_realm": "atmos", 
            "standard_name": "tendency_of_specific_humidity_due_to_diffusion", 
            "units": "s-1", 
            "cell_methods": "area: point time: point", 
            "cell_measures": "", 
            "long_name": "Tendency of Specific Humidity Due to Numerical Diffusion", 
            "comment": "Tendency of specific humidity due to numerical diffusion.This includes any horizontal or vertical numerical moisture diffusion not associated with the parametrized moist physics or the resolved dynamics.  For example, any vertical diffusion which is part of the boundary layer mixing scheme should be excluded, as should any diffusion which is included in the terms from the resolved dynamics.   This term is required to check the closure of the moisture budget.", 
            "dimensions": "alevel site time1", 
            "out_name": "tnhusd", 
            "type": "real", 
            "positive": "", 
            "valid_min": "", 
            "valid_max": "", 
            "ok_min_mean_abs": "", 
            "ok_max_mean_abs": ""
        }, 
        "tnhusmp": {
            "frequency": "subhrPt", 
            "modeling_realm": "atmos", 
            "standard_name": "tendency_of_specific_humidity_due_to_model_physics", 
            "units": "s-1", 
            "cell_methods": "area: point time: point", 
            "cell_measures": "", 
            "long_name": "Tendency of Specific Humidity Due to Model Physics", 
            "comment": "Tendency of specific humidity due to model physics. This includes sources and sinks from parametrized moist physics (e.g. convection, boundary layer, stratiform condensation/evaporation, etc.) and excludes sources and sinks from resolved dynamics or from horizontal or vertical numerical diffusion not associated with model physics.  For example any diffusive mixing by the boundary layer scheme would be included.", 
            "dimensions": "alevel site time1", 
            "out_name": "tnhusmp", 
            "type": "real", 
            "positive": "", 
            "valid_min": "", 
            "valid_max": "", 
            "ok_min_mean_abs": "", 
            "ok_max_mean_abs": ""
        }, 
        "tnhusscpbl": {
            "frequency": "subhrPt", 
            "modeling_realm": "atmos", 
            "standard_name": "tendency_of_specific_humidity_due_to_stratiform_cloud_and_precipitation_and_boundary_layer_mixing", 
            "units": "s-1", 
            "cell_methods": "area: point time: point", 
            "cell_measures": "", 
            "long_name": "Tendency of Specific Humidity Due to Stratiform Cloud and Precipitation and Boundary Layer Mixing", 
            "comment": "Tendency of Specific Humidity Due to Stratiform Cloud and Precipitation and Boundary Layer Mixing  (to be specified only in  models which do not separate budget terms for stratiform cloud, precipitation and boundary layer schemes.  Includes all boundary layer terms including and diffusive terms.)", 
            "dimensions": "alevel site time1", 
            "out_name": "tnhusscpbl", 
            "type": "real", 
            "positive": "", 
            "valid_min": "", 
            "valid_max": "", 
            "ok_min_mean_abs": "", 
            "ok_max_mean_abs": ""
        }, 
        "tnt": {
            "frequency": "subhrPt", 
            "modeling_realm": "atmos", 
            "standard_name": "tendency_of_air_temperature", 
            "units": "K s-1", 
            "cell_methods": "area: point time: point", 
            "cell_measures": "", 
            "long_name": "Tendency of Air Temperature", 
            "comment": "Tendency of Air Temperature", 
            "dimensions": "alevel site time1", 
            "out_name": "tnt", 
            "type": "real", 
            "positive": "", 
            "valid_min": "", 
            "valid_max": "", 
            "ok_min_mean_abs": "", 
            "ok_max_mean_abs": ""
        }, 
        "tnta": {
            "frequency": "subhrPt", 
            "modeling_realm": "atmos", 
            "standard_name": "tendency_of_air_temperature_due_to_advection", 
            "units": "K s-1", 
            "cell_methods": "area: point time: point", 
            "cell_measures": "", 
            "long_name": "Tendency of Air Temperature Due to Advection", 
            "comment": "Tendency of Air Temperature due to Advection", 
            "dimensions": "alevel site time1", 
            "out_name": "tnta", 
            "type": "real", 
            "positive": "", 
            "valid_min": "", 
            "valid_max": "", 
            "ok_min_mean_abs": "", 
            "ok_max_mean_abs": ""
        }, 
        "tntc": {
            "frequency": "subhrPt", 
            "modeling_realm": "atmos", 
            "standard_name": "tendency_of_air_temperature_due_to_convection", 
            "units": "K s-1", 
            "cell_methods": "area: point time: point", 
            "cell_measures": "", 
            "long_name": "Tendency of Air Temperature Due to Convection", 
            "comment": "Tendencies from cumulus convection scheme.", 
            "dimensions": "alevel site time1", 
            "out_name": "tntc", 
            "type": "real", 
            "positive": "", 
            "valid_min": "", 
            "valid_max": "", 
            "ok_min_mean_abs": "", 
            "ok_max_mean_abs": ""
        }, 
        "tntmp": {
            "frequency": "subhrPt", 
            "modeling_realm": "atmos", 
            "standard_name": "tendency_of_air_temperature_due_to_model_physics", 
            "units": "K s-1", 
            "cell_methods": "area: point time: point", 
            "cell_measures": "", 
            "long_name": "Tendency of Air Temperature Due to Model Physics", 
            "comment": "Tendency of air temperature due to model physics. This includes sources and sinks from parametrized physics (e.g. radiation, convection, boundary layer, stratiform condensation/evaporation, etc.). It excludes sources and sinks from resolved dynamics and numerical diffusion not associated with parametrized physics.  For example, any vertical diffusion which is part of the boundary layer mixing scheme should be included, while numerical diffusion applied in addition to physics or resolved dynamics should be excluded.  This term is required to check the closure of the heat budget.", 
            "dimensions": "alevel site time1", 
            "out_name": "tntmp", 
            "type": "real", 
            "positive": "", 
            "valid_min": "", 
            "valid_max": "", 
            "ok_min_mean_abs": "", 
            "ok_max_mean_abs": ""
        }, 
        "tntr": {
            "frequency": "subhrPt", 
            "modeling_realm": "atmos", 
            "standard_name": "tendency_of_air_temperature_due_to_radiative_heating", 
            "units": "K s-1", 
            "cell_methods": "area: point time: point", 
            "cell_measures": "", 
            "long_name": "Tendency of Air Temperature Due to Radiative Heating", 
            "comment": "Tendency of Air Temperature due to Radiative Heating", 
            "dimensions": "alevel site time1", 
            "out_name": "tntr", 
            "type": "real", 
            "positive": "", 
            "valid_min": "", 
            "valid_max": "", 
            "ok_min_mean_abs": "", 
            "ok_max_mean_abs": ""
        }, 
        "tntscpbl": {
            "frequency": "subhrPt", 
            "modeling_realm": "atmos", 
            "standard_name": "tendency_of_air_temperature_due_to_stratiform_cloud_and_precipitation_and_boundary_layer_mixing", 
            "units": "K s-1", 
            "cell_methods": "area: point time: point", 
            "cell_measures": "", 
            "long_name": "Tendency of Air Temperature Due to Stratiform Cloud and Precipitation and Boundary Layer Mixing", 
            "comment": "Tendency of Air Temperature Due to Stratiform Cloud and Precipitation and Boundary Layer Mixing (to be specified only in  models which do not separate cloud, precipitation and boundary layer terms.  Includes all boundary layer terms including diffusive ones.)", 
            "dimensions": "alevel site time1", 
            "out_name": "tntscpbl", 
            "type": "real", 
            "positive": "", 
            "valid_min": "", 
            "valid_max": "", 
            "ok_min_mean_abs": "", 
            "ok_max_mean_abs": ""
        }, 
        "ts": {
            "frequency": "subhrPt", 
            "modeling_realm": "atmos", 
            "standard_name": "surface_temperature", 
            "units": "K", 
            "cell_methods": "area: point time: point", 
            "cell_measures": "", 
            "long_name": "Surface Temperature", 
            "comment": "Temperature of the lower boundary of the atmosphere", 
            "dimensions": "site time1", 
            "out_name": "ts", 
            "type": "real", 
            "positive": "", 
            "valid_min": "", 
            "valid_max": "", 
            "ok_min_mean_abs": "", 
            "ok_max_mean_abs": ""
        }, 
        "ua": {
            "frequency": "subhrPt", 
            "modeling_realm": "atmos", 
            "standard_name": "eastward_wind", 
            "units": "m s-1", 
            "cell_methods": "area: point time: point", 
            "cell_measures": "", 
            "long_name": "Eastward Wind", 
            "comment": "Zonal wind (positive in a eastward direction).", 
            "dimensions": "alevel site time1", 
            "out_name": "ua", 
            "type": "real", 
            "positive": "", 
            "valid_min": "", 
            "valid_max": "", 
            "ok_min_mean_abs": "", 
            "ok_max_mean_abs": ""
        }, 
        "uas": {
            "frequency": "subhrPt", 
            "modeling_realm": "atmos", 
            "standard_name": "eastward_wind", 
            "units": "m s-1", 
            "cell_methods": "area: point time: point", 
            "cell_measures": "", 
            "long_name": "Eastward Near-Surface Wind", 
            "comment": "Eastward component of the near-surface (usually, 10 meters)  wind", 
            "dimensions": "site time1 height10m", 
            "out_name": "uas", 
            "type": "real", 
            "positive": "", 
            "valid_min": "", 
            "valid_max": "", 
            "ok_min_mean_abs": "", 
            "ok_max_mean_abs": ""
        }, 
        "va": {
            "frequency": "subhrPt", 
            "modeling_realm": "atmos", 
            "standard_name": "northward_wind", 
            "units": "m s-1", 
            "cell_methods": "area: point time: point", 
            "cell_measures": "", 
            "long_name": "Northward Wind", 
            "comment": "Meridional wind (positive in a northward direction).", 
            "dimensions": "alevel site time1", 
            "out_name": "va", 
            "type": "real", 
            "positive": "", 
            "valid_min": "", 
            "valid_max": "", 
            "ok_min_mean_abs": "", 
            "ok_max_mean_abs": ""
        }, 
        "vas": {
            "frequency": "subhrPt", 
            "modeling_realm": "atmos", 
            "standard_name": "northward_wind", 
            "units": "m s-1", 
            "cell_methods": "area: point time: point", 
            "cell_measures": "", 
            "long_name": "Northward Near-Surface Wind", 
            "comment": "Northward component of the near surface wind", 
            "dimensions": "site time1 height10m", 
            "out_name": "vas", 
            "type": "real", 
            "positive": "", 
            "valid_min": "", 
            "valid_max": "", 
            "ok_min_mean_abs": "", 
            "ok_max_mean_abs": ""
        }, 
        "wap": {
            "frequency": "subhrPt", 
            "modeling_realm": "atmos", 
            "standard_name": "lagrangian_tendency_of_air_pressure", 
            "units": "Pa s-1", 
            "cell_methods": "area: point time: point", 
            "cell_measures": "", 
            "long_name": "Omega (=dp/dt)", 
            "comment": "Omega (vertical velocity in pressure coordinates, positive downwards)", 
            "dimensions": "alevel site time1", 
            "out_name": "wap", 
            "type": "real", 
            "positive": "", 
            "valid_min": "", 
            "valid_max": "", 
            "ok_min_mean_abs": "", 
            "ok_max_mean_abs": ""
        }, 
        "zg": {
            "frequency": "subhrPt", 
            "modeling_realm": "atmos", 
            "standard_name": "geopotential_height", 
            "units": "m", 
            "cell_methods": "area: point time: point", 
            "cell_measures": "", 
            "long_name": "Geopotential Height", 
            "comment": "Geopotential is the sum of the specific gravitational potential energy relative to the geoid and the specific centripetal potential energy. Geopotential height is the geopotential divided by the standard acceleration due to gravity. It is numerically similar to the altitude (or geometric height) and not to the quantity with standard name height, which is relative to the surface.", 
            "dimensions": "alevel site time1", 
            "out_name": "zg", 
            "type": "real", 
            "positive": "", 
            "valid_min": "", 
            "valid_max": "", 
            "ok_min_mean_abs": "", 
            "ok_max_mean_abs": ""
        }
    }
}
