{
    "Header": {
        "data_specs_version": "01.00.33", 
        "cmor_version": "3.5", 
        "table_id": "Table E1hrClimMon", 
        "realm": "atmos", 
        "table_date": "18 November 2020", 
        "missing_value": "1e20", 
        "int_missing_value": "-999", 
        "product": "model-output", 
        "approx_interval": "0.041667", 
        "generic_levels": "", 
        "mip_era": "CMIP6", 
        "Conventions": "CF-1.7 CMIP-6.2"
    }, 
    "variable_entry": {
        "rlut": {
            "frequency": "1hrCM", 
            "modeling_realm": "atmos", 
            "standard_name": "toa_outgoing_longwave_flux", 
            "units": "W m-2", 
            "cell_methods": "area: mean time: mean within days time: mean over days", 
            "cell_measures": "area: areacella", 
            "long_name": "TOA Outgoing Longwave Radiation", 
            "comment": "at the top of the atmosphere (to be compared with satellite measurements)", 
            "dimensions": "longitude latitude time3", 
            "out_name": "rlut", 
            "type": "real", 
            "positive": "up", 
            "valid_min": "", 
            "valid_max": "", 
            "ok_min_mean_abs": "", 
            "ok_max_mean_abs": ""
        }, 
        "rlutcs": {
            "frequency": "1hrCM", 
            "modeling_realm": "atmos", 
            "standard_name": "toa_outgoing_longwave_flux_assuming_clear_sky", 
            "units": "W m-2", 
            "cell_methods": "area: mean time: mean within days time: mean over days", 
            "cell_measures": "area: areacella", 
            "long_name": "TOA Outgoing Clear-Sky Longwave Radiation", 
            "comment": "Upwelling clear-sky longwave radiation at top of atmosphere", 
            "dimensions": "longitude latitude time3", 
            "out_name": "rlutcs", 
            "type": "real", 
            "positive": "up", 
            "valid_min": "", 
            "valid_max": "", 
            "ok_min_mean_abs": "", 
            "ok_max_mean_abs": ""
        }, 
        "rsdt": {
            "frequency": "1hrCM", 
            "modeling_realm": "atmos", 
            "standard_name": "toa_incoming_shortwave_flux", 
            "units": "W m-2", 
            "cell_methods": "area: mean time: mean within days time: mean over days", 
            "cell_measures": "area: areacella", 
            "long_name": "TOA Incident Shortwave Radiation", 
            "comment": "Shortwave radiation incident at the top of the atmosphere", 
            "dimensions": "longitude latitude time3", 
            "out_name": "rsdt", 
            "type": "real", 
            "positive": "down", 
            "valid_min": "", 
            "valid_max": "", 
            "ok_min_mean_abs": "", 
            "ok_max_mean_abs": ""
        }, 
        "rsut": {
            "frequency": "1hrCM", 
            "modeling_realm": "atmos", 
            "standard_name": "toa_outgoing_shortwave_flux", 
            "units": "W m-2", 
            "cell_methods": "area: mean time: mean within days time: mean over days", 
            "cell_measures": "area: areacella", 
            "long_name": "TOA Outgoing Shortwave Radiation", 
            "comment": "at the top of the atmosphere", 
            "dimensions": "longitude latitude time3", 
            "out_name": "rsut", 
            "type": "real", 
            "positive": "up", 
            "valid_min": "", 
            "valid_max": "", 
            "ok_min_mean_abs": "", 
            "ok_max_mean_abs": ""
        }, 
        "rsutcs": {
            "frequency": "1hrCM", 
            "modeling_realm": "atmos", 
            "standard_name": "toa_outgoing_shortwave_flux_assuming_clear_sky", 
            "units": "W m-2", 
            "cell_methods": "area: mean time: mean within days time: mean over days", 
            "cell_measures": "area: areacella", 
            "long_name": "TOA Outgoing Clear-Sky Shortwave Radiation", 
            "comment": "Calculated in the absence of clouds.", 
            "dimensions": "longitude latitude time3", 
            "out_name": "rsutcs", 
            "type": "real", 
            "positive": "up", 
            "valid_min": "", 
            "valid_max": "", 
            "ok_min_mean_abs": "", 
            "ok_max_mean_abs": ""
        }
    }
}
