{
    "Header": {
        "data_specs_version": "01.00.33", 
        "cmor_version": "3.5", 
        "table_id": "Table Amon", 
        "realm": "atmos atmosChem", 
        "table_date": "18 November 2020", 
        "missing_value": "1e20", 
        "int_missing_value": "-999", 
        "product": "model-output", 
        "approx_interval": "30.00000", 
        "generic_levels": "alevel alevhalf", 
        "mip_era": "CMIP6", 
        "Conventions": "CF-1.7 CMIP-6.2"
    }, 
    "variable_entry": {
        "ccb": {
            "frequency": "mon", 
            "modeling_realm": "atmos", 
            "standard_name": "air_pressure_at_convective_cloud_base", 
            "units": "Pa", 
            "cell_methods": "area: time: mean", 
            "cell_measures": "area: areacella", 
            "long_name": "Air Pressure at Convective Cloud Base", 
            "comment": "Where convective cloud is present in the grid cell, the instantaneous cloud base altitude should be that of the bottom of the lowest level containing convective cloud. Missing data should be reported in the absence of convective cloud. The time mean should be calculated from these quantities averaging over occasions when convective cloud is present only, and should contain missing data for occasions when no convective cloud is present during the meaning period.", 
            "dimensions": "longitude latitude time", 
            "out_name": "ccb", 
            "type": "real", 
            "positive": "", 
            "valid_min": "", 
            "valid_max": "", 
            "ok_min_mean_abs": "", 
            "ok_max_mean_abs": ""
        }, 
        "cct": {
            "frequency": "mon", 
            "modeling_realm": "atmos", 
            "standard_name": "air_pressure_at_convective_cloud_top", 
            "units": "Pa", 
            "cell_methods": "area: time: mean", 
            "cell_measures": "area: areacella", 
            "long_name": "Air Pressure at Convective Cloud Top", 
            "comment": "Where convective cloud is present in the grid cell, the instantaneous cloud top altitude should be that of the top of the highest level containing convective cloud. Missing data should be reported in the absence of convective cloud. The time mean should be calculated from these quantities averaging over occasions when convective cloud is present only, and should contain missing data for occasions when no convective cloud is present during the meaning period.", 
            "dimensions": "longitude latitude time", 
            "out_name": "cct", 
            "type": "real", 
            "positive": "", 
            "valid_min": "", 
            "valid_max": "", 
            "ok_min_mean_abs": "", 
            "ok_max_mean_abs": ""
        }, 
        "cfc113global": {
            "frequency": "mon", 
            "modeling_realm": "atmos atmosChem", 
            "standard_name": "mole_fraction_of_cfc113_in_air", 
            "units": "1e-12", 
            "cell_methods": "area: time: mean", 
            "cell_measures": "", 
            "long_name": "Global Mean Mole Fraction of CFC113", 
            "comment": "Mole fraction is used in the construction mole_fraction_of_X_in_Y, where X is a material constituent of Y.  The chemical formula of CFC113 is CCl2FCClF2.  The IUPAC name for CFC113 is 1,1,2-trichloro-1,2,2-trifluoro-ethane.", 
            "dimensions": "time", 
            "out_name": "cfc113global", 
            "type": "real", 
            "positive": "", 
            "valid_min": "", 
            "valid_max": "", 
            "ok_min_mean_abs": "", 
            "ok_max_mean_abs": ""
        }, 
        "cfc11global": {
            "frequency": "mon", 
            "modeling_realm": "atmos atmosChem", 
            "standard_name": "mole_fraction_of_cfc11_in_air", 
            "units": "1e-12", 
            "cell_methods": "area: time: mean", 
            "cell_measures": "", 
            "long_name": "Global Mean Mole Fraction of CFC11", 
            "comment": "Mole fraction is used in the construction mole_fraction_of_X_in_Y, where X is a material constituent of Y.  The chemical formula of CFC11 is CFCl3.  The IUPAC name for CFC11 is trichloro-fluoro-methane.", 
            "dimensions": "time", 
            "out_name": "cfc11global", 
            "type": "real", 
            "positive": "", 
            "valid_min": "", 
            "valid_max": "", 
            "ok_min_mean_abs": "", 
            "ok_max_mean_abs": ""
        }, 
        "cfc12global": {
            "frequency": "mon", 
            "modeling_realm": "atmos atmosChem", 
            "standard_name": "mole_fraction_of_cfc12_in_air", 
            "units": "1e-12", 
            "cell_methods": "area: time: mean", 
            "cell_measures": "", 
            "long_name": "Global Mean Mole Fraction of CFC12", 
            "comment": "Mole fraction is used in the construction mole_fraction_of_X_in_Y, where X is a material constituent of Y.  The chemical formula of CFC12 is CF2Cl2.  The IUPAC name for CFC12 is dichloro-difluoro-methane.", 
            "dimensions": "time", 
            "out_name": "cfc12global", 
            "type": "real", 
            "positive": "", 
            "valid_min": "", 
            "valid_max": "", 
            "ok_min_mean_abs": "", 
            "ok_max_mean_abs": ""
        }, 
        "ch4": {
            "frequency": "mon", 
            "modeling_realm": "atmos atmosChem", 
            "standard_name": "mole_fraction_of_methane_in_air", 
            "units": "mol mol-1", 
            "cell_methods": "time: mean", 
            "cell_measures": "area: areacella", 
            "long_name": "Mole Fraction of CH4", 
            "comment": "Mole fraction is used in the construction mole_fraction_of_X_in_Y, where X is a material constituent of Y.", 
            "dimensions": "longitude latitude plev19 time", 
            "out_name": "ch4", 
            "type": "real", 
            "positive": "", 
            "valid_min": "", 
            "valid_max": "", 
            "ok_min_mean_abs": "", 
            "ok_max_mean_abs": ""
        }, 
        "ch4Clim": {
            "frequency": "monC", 
            "modeling_realm": "atmos atmosChem", 
            "standard_name": "mole_fraction_of_methane_in_air", 
            "units": "mol mol-1", 
            "cell_methods": "area: mean time: mean within years time: mean over years", 
            "cell_measures": "area: areacella", 
            "long_name": "Mole Fraction of CH4", 
            "comment": "Mole fraction is used in the construction mole_fraction_of_X_in_Y, where X is a material constituent of Y.", 
            "dimensions": "longitude latitude plev19 time2", 
            "out_name": "ch4", 
            "type": "real", 
            "positive": "", 
            "valid_min": "", 
            "valid_max": "", 
            "ok_min_mean_abs": "", 
            "ok_max_mean_abs": ""
        }, 
        "ch4global": {
            "frequency": "mon", 
            "modeling_realm": "atmos atmosChem", 
            "standard_name": "mole_fraction_of_methane_in_air", 
            "units": "1e-09", 
            "cell_methods": "area: time: mean", 
            "cell_measures": "", 
            "long_name": "Global Mean Mole Fraction of CH4", 
            "comment": "Global Mean Mole Fraction of CH4", 
            "dimensions": "time", 
            "out_name": "ch4global", 
            "type": "real", 
            "positive": "", 
            "valid_min": "", 
            "valid_max": "", 
            "ok_min_mean_abs": "", 
            "ok_max_mean_abs": ""
        }, 
        "ch4globalClim": {
            "frequency": "monC", 
            "modeling_realm": "atmos atmosChem", 
            "standard_name": "mole_fraction_of_methane_in_air", 
            "units": "1e-09", 
            "cell_methods": "area: mean time: mean within years time: mean over years", 
            "cell_measures": "", 
            "long_name": "Global Mean Mole Fraction of CH4", 
            "comment": "Global Mean Mole Fraction of CH4", 
            "dimensions": "time2", 
            "out_name": "ch4global", 
            "type": "real", 
            "positive": "", 
            "valid_min": "", 
            "valid_max": "", 
            "ok_min_mean_abs": "", 
            "ok_max_mean_abs": ""
        }, 
        "ci": {
            "frequency": "mon", 
            "modeling_realm": "atmos", 
            "standard_name": "convection_time_fraction", 
            "units": "1", 
            "cell_methods": "area: time: mean", 
            "cell_measures": "area: areacella", 
            "long_name": "Fraction of Time Convection Occurs in Cell", 
            "comment": "Fraction of time that convection occurs in the grid cell.", 
            "dimensions": "longitude latitude time", 
            "out_name": "ci", 
            "type": "real", 
            "positive": "", 
            "valid_min": "", 
            "valid_max": "", 
            "ok_min_mean_abs": "", 
            "ok_max_mean_abs": ""
        }, 
        "cl": {
            "frequency": "mon", 
            "modeling_realm": "atmos", 
            "standard_name": "cloud_area_fraction_in_atmosphere_layer", 
            "units": "%", 
            "cell_methods": "area: time: mean", 
            "cell_measures": "area: areacella", 
            "long_name": "Percentage Cloud Cover", 
            "comment": "Percentage cloud cover, including both large-scale and convective cloud.", 
            "dimensions": "longitude latitude alevel time", 
            "out_name": "cl", 
            "type": "real", 
            "positive": "", 
            "valid_min": "", 
            "valid_max": "", 
            "ok_min_mean_abs": "", 
            "ok_max_mean_abs": ""
        }, 
        "cli": {
            "frequency": "mon", 
            "modeling_realm": "atmos", 
            "standard_name": "mass_fraction_of_cloud_ice_in_air", 
            "units": "kg kg-1", 
            "cell_methods": "area: time: mean", 
            "cell_measures": "area: areacella", 
            "long_name": "Mass Fraction of Cloud Ice", 
            "comment": "Includes both large-scale and convective cloud. This is calculated as the mass of cloud ice in the grid cell divided by the mass of air (including the water in all phases) in the grid cell. It includes precipitating hydrometeors ONLY if the precipitating hydrometeors affect the calculation of radiative transfer in model.", 
            "dimensions": "longitude latitude alevel time", 
            "out_name": "cli", 
            "type": "real", 
            "positive": "", 
            "valid_min": "", 
            "valid_max": "", 
            "ok_min_mean_abs": "", 
            "ok_max_mean_abs": ""
        }, 
        "clivi": {
            "frequency": "mon", 
            "modeling_realm": "atmos", 
            "standard_name": "atmosphere_mass_content_of_cloud_ice", 
            "units": "kg m-2", 
            "cell_methods": "area: time: mean", 
            "cell_measures": "area: areacella", 
            "long_name": "Ice Water Path", 
            "comment": "mass of ice water in the column divided by the area of the column (not just the area of the cloudy portion of the column). Includes precipitating frozen hydrometeors ONLY if the precipitating hydrometeor affects the calculation of radiative transfer in model.", 
            "dimensions": "longitude latitude time", 
            "out_name": "clivi", 
            "type": "real", 
            "positive": "", 
            "valid_min": "", 
            "valid_max": "", 
            "ok_min_mean_abs": "", 
            "ok_max_mean_abs": ""
        }, 
        "clt": {
            "frequency": "mon", 
            "modeling_realm": "atmos", 
            "standard_name": "cloud_area_fraction", 
            "units": "%", 
            "cell_methods": "area: time: mean", 
            "cell_measures": "area: areacella", 
            "long_name": "Total Cloud Cover Percentage", 
            "comment": "Total cloud area fraction (reported as a percentage) for the whole atmospheric column, as seen from the surface or the top of the atmosphere. Includes both large-scale and convective cloud.", 
            "dimensions": "longitude latitude time", 
            "out_name": "clt", 
            "type": "real", 
            "positive": "", 
            "valid_min": "", 
            "valid_max": "", 
            "ok_min_mean_abs": "", 
            "ok_max_mean_abs": ""
        }, 
        "clw": {
            "frequency": "mon", 
            "modeling_realm": "atmos", 
            "standard_name": "mass_fraction_of_cloud_liquid_water_in_air", 
            "units": "kg kg-1", 
            "cell_methods": "area: time: mean", 
            "cell_measures": "area: areacella", 
            "long_name": "Mass Fraction of Cloud Liquid Water", 
            "comment": "Includes both large-scale and convective cloud. Calculate as the mass of cloud liquid water in the grid cell divided by the mass of air (including the water in all phases) in the grid cells. Precipitating hydrometeors are included ONLY if the precipitating hydrometeors affect the calculation of radiative transfer in model.", 
            "dimensions": "longitude latitude alevel time", 
            "out_name": "clw", 
            "type": "real", 
            "positive": "", 
            "valid_min": "", 
            "valid_max": "", 
            "ok_min_mean_abs": "", 
            "ok_max_mean_abs": ""
        }, 
        "clwvi": {
            "frequency": "mon", 
            "modeling_realm": "atmos", 
            "standard_name": "atmosphere_mass_content_of_cloud_condensed_water", 
            "units": "kg m-2", 
            "cell_methods": "area: time: mean", 
            "cell_measures": "area: areacella", 
            "long_name": "Condensed Water Path", 
            "comment": "Mass of condensed (liquid + ice) water in the column divided by the area of the column (not just the area of the cloudy portion of the column). Includes precipitating hydrometeors ONLY if the precipitating hydrometeors affect the calculation of radiative transfer in model.", 
            "dimensions": "longitude latitude time", 
            "out_name": "clwvi", 
            "type": "real", 
            "positive": "", 
            "valid_min": "", 
            "valid_max": "", 
            "ok_min_mean_abs": "", 
            "ok_max_mean_abs": ""
        }, 
        "co2": {
            "frequency": "mon", 
            "modeling_realm": "atmos", 
            "standard_name": "mole_fraction_of_carbon_dioxide_in_air", 
            "units": "mol mol-1", 
            "cell_methods": "time: mean", 
            "cell_measures": "area: areacella", 
            "long_name": "Mole Fraction of CO2", 
            "comment": "Mole fraction is used in the construction mole_fraction_of_X_in_Y, where X is a material constituent of Y.", 
            "dimensions": "longitude latitude plev19 time", 
            "out_name": "co2", 
            "type": "real", 
            "positive": "", 
            "valid_min": "", 
            "valid_max": "", 
            "ok_min_mean_abs": "", 
            "ok_max_mean_abs": ""
        }, 
        "co2Clim": {
            "frequency": "monC", 
            "modeling_realm": "atmos", 
            "standard_name": "mole_fraction_of_carbon_dioxide_in_air", 
            "units": "mol mol-1", 
            "cell_methods": "area: mean time: mean within years time: mean over years", 
            "cell_measures": "area: areacella", 
            "long_name": "Mole Fraction of CO2", 
            "comment": "Mole fraction is used in the construction mole_fraction_of_X_in_Y, where X is a material constituent of Y.", 
            "dimensions": "longitude latitude plev19 time2", 
            "out_name": "co2", 
            "type": "real", 
            "positive": "", 
            "valid_min": "", 
            "valid_max": "", 
            "ok_min_mean_abs": "", 
            "ok_max_mean_abs": ""
        }, 
        "co2mass": {
            "frequency": "mon", 
            "modeling_realm": "atmos", 
            "standard_name": "atmosphere_mass_of_carbon_dioxide", 
            "units": "kg", 
            "cell_methods": "area: time: mean", 
            "cell_measures": "", 
            "long_name": "Total Atmospheric Mass of CO2", 
            "comment": "Total atmospheric mass of Carbon Dioxide", 
            "dimensions": "time", 
            "out_name": "co2mass", 
            "type": "real", 
            "positive": "", 
            "valid_min": "", 
            "valid_max": "", 
            "ok_min_mean_abs": "", 
            "ok_max_mean_abs": ""
        }, 
        "co2massClim": {
            "frequency": "monC", 
            "modeling_realm": "atmos", 
            "standard_name": "atmosphere_mass_of_carbon_dioxide", 
            "units": "kg", 
            "cell_methods": "area: mean time: mean within years time: mean over years", 
            "cell_measures": "", 
            "long_name": "Total Atmospheric Mass of CO2", 
            "comment": "Total atmospheric mass of Carbon Dioxide", 
            "dimensions": "time2", 
            "out_name": "co2mass", 
            "type": "real", 
            "positive": "", 
            "valid_min": "", 
            "valid_max": "", 
            "ok_min_mean_abs": "", 
            "ok_max_mean_abs": ""
        }, 
        "evspsbl": {
            "frequency": "mon", 
            "modeling_realm": "atmos", 
            "standard_name": "water_evapotranspiration_flux", 
            "units": "kg m-2 s-1", 
            "cell_methods": "area: time: mean", 
            "cell_measures": "area: areacella", 
            "long_name": "Evaporation Including Sublimation and Transpiration", 
            "comment": "Evaporation at surface (also known as evapotranspiration): flux of water into the atmosphere due to conversion of both liquid and solid phases to vapor (from underlying surface and vegetation)", 
            "dimensions": "longitude latitude time", 
            "out_name": "evspsbl", 
            "type": "real", 
            "positive": "", 
            "valid_min": "", 
            "valid_max": "", 
            "ok_min_mean_abs": "", 
            "ok_max_mean_abs": ""
        }, 
        "fco2antt": {
            "frequency": "mon", 
            "modeling_realm": "atmos", 
            "standard_name": "tendency_of_atmosphere_mass_content_of_carbon_dioxide_expressed_as_carbon_due_to_anthropogenic_emission", 
            "units": "kg m-2 s-1", 
            "cell_methods": "area: time: mean", 
            "cell_measures": "area: areacella", 
            "long_name": "Carbon Mass Flux into Atmosphere Due to All Anthropogenic Emissions of CO2 [kgC m-2 s-1]", 
            "comment": "This is requested only for the emission-driven coupled carbon climate model runs.  Does not include natural fire sources but, includes all anthropogenic sources, including fossil fuel use, cement production, agricultural burning, and sources associated with anthropogenic land use change excluding forest regrowth.", 
            "dimensions": "longitude latitude time", 
            "out_name": "fco2antt", 
            "type": "real", 
            "positive": "", 
            "valid_min": "", 
            "valid_max": "", 
            "ok_min_mean_abs": "", 
            "ok_max_mean_abs": ""
        }, 
        "fco2fos": {
            "frequency": "mon", 
            "modeling_realm": "atmos", 
            "standard_name": "tendency_of_atmosphere_mass_content_of_carbon_dioxide_expressed_as_carbon_due_to_emission_from_fossil_fuel_combustion", 
            "units": "kg m-2 s-1", 
            "cell_methods": "area: time: mean", 
            "cell_measures": "area: areacella", 
            "long_name": "Carbon Mass Flux into Atmosphere Due to Fossil Fuel Emissions of CO2 [kgC m-2 s-1]", 
            "comment": "This is the prescribed anthropogenic CO2 flux from fossil fuel use, including cement production, and flaring (but not from land-use changes, agricultural burning, forest regrowth, etc.)", 
            "dimensions": "longitude latitude time", 
            "out_name": "fco2fos", 
            "type": "real", 
            "positive": "", 
            "valid_min": "", 
            "valid_max": "", 
            "ok_min_mean_abs": "", 
            "ok_max_mean_abs": ""
        }, 
        "fco2nat": {
            "frequency": "mon", 
            "modeling_realm": "atmos", 
            "standard_name": "surface_upward_mass_flux_of_carbon_dioxide_expressed_as_carbon_due_to_emission_from_natural_sources", 
            "units": "kg m-2 s-1", 
            "cell_methods": "area: time: mean", 
            "cell_measures": "area: areacella", 
            "long_name": "Surface Carbon Mass Flux into the Atmosphere Due to Natural Sources [kgC m-2 s-1]", 
            "comment": "This is what the atmosphere sees (on its own grid).  This field should be equivalent to the combined natural fluxes of carbon  that account for natural exchanges between the atmosphere and land (nep) or ocean (fgco2) reservoirs.", 
            "dimensions": "longitude latitude time", 
            "out_name": "fco2nat", 
            "type": "real", 
            "positive": "", 
            "valid_min": "", 
            "valid_max": "", 
            "ok_min_mean_abs": "", 
            "ok_max_mean_abs": ""
        }, 
        "hcfc22global": {
            "frequency": "mon", 
            "modeling_realm": "atmos atmosChem", 
            "standard_name": "mole_fraction_of_hcfc22_in_air", 
            "units": "1e-12", 
            "cell_methods": "area: time: mean", 
            "cell_measures": "", 
            "long_name": "Global Mean Mole Fraction of HCFC22", 
            "comment": "Mole fraction is used in the construction mole_fraction_of_X_in_Y, where X is a material constituent of Y.  A chemical species denoted by X may be described by a single term such as 'nitrogen' or a phrase such as 'nox_expressed_as_nitrogen'. The chemical formula for HCFC22 is CHClF2.  The IUPAC name for HCFC22 is chloro-difluoro-methane.", 
            "dimensions": "time", 
            "out_name": "hcfc22global", 
            "type": "real", 
            "positive": "", 
            "valid_min": "", 
            "valid_max": "", 
            "ok_min_mean_abs": "", 
            "ok_max_mean_abs": ""
        }, 
        "hfls": {
            "frequency": "mon", 
            "modeling_realm": "atmos", 
            "standard_name": "surface_upward_latent_heat_flux", 
            "units": "W m-2", 
            "cell_methods": "area: time: mean", 
            "cell_measures": "area: areacella", 
            "long_name": "Surface Upward Latent Heat Flux", 
            "comment": "The surface called 'surface' means the lower boundary of the atmosphere. 'Upward' indicates a vector component which is positive when directed upward (negative downward). The surface latent heat flux is the exchange of heat between the surface and the air on account of evaporation (including sublimation). In accordance with common usage in geophysical disciplines, 'flux' implies per unit area, called 'flux density' in physics.", 
            "dimensions": "longitude latitude time", 
            "out_name": "hfls", 
            "type": "real", 
            "positive": "up", 
            "valid_min": "", 
            "valid_max": "", 
            "ok_min_mean_abs": "", 
            "ok_max_mean_abs": ""
        }, 
        "hfss": {
            "frequency": "mon", 
            "modeling_realm": "atmos", 
            "standard_name": "surface_upward_sensible_heat_flux", 
            "units": "W m-2", 
            "cell_methods": "area: time: mean", 
            "cell_measures": "area: areacella", 
            "long_name": "Surface Upward Sensible Heat Flux", 
            "comment": "The surface sensible heat flux, also called turbulent heat flux, is the exchange of heat between the surface and the air by motion of air.", 
            "dimensions": "longitude latitude time", 
            "out_name": "hfss", 
            "type": "real", 
            "positive": "up", 
            "valid_min": "", 
            "valid_max": "", 
            "ok_min_mean_abs": "", 
            "ok_max_mean_abs": ""
        }, 
        "hur": {
            "frequency": "mon", 
            "modeling_realm": "atmos", 
            "standard_name": "relative_humidity", 
            "units": "%", 
            "cell_methods": "time: mean", 
            "cell_measures": "area: areacella", 
            "long_name": "Relative Humidity", 
            "comment": "The relative humidity with respect to liquid water for T> 0 C, and with respect to ice for T<0 C.", 
            "dimensions": "longitude latitude plev19 time", 
            "out_name": "hur", 
            "type": "real", 
            "positive": "", 
            "valid_min": "", 
            "valid_max": "", 
            "ok_min_mean_abs": "", 
            "ok_max_mean_abs": ""
        }, 
        "hurs": {
            "frequency": "mon", 
            "modeling_realm": "atmos", 
            "standard_name": "relative_humidity", 
            "units": "%", 
            "cell_methods": "area: time: mean", 
            "cell_measures": "area: areacella", 
            "long_name": "Near-Surface Relative Humidity", 
            "comment": "The relative humidity with respect to liquid water for T> 0 C, and with respect to ice for T<0 C.", 
            "dimensions": "longitude latitude time height2m", 
            "out_name": "hurs", 
            "type": "real", 
            "positive": "", 
            "valid_min": "", 
            "valid_max": "", 
            "ok_min_mean_abs": "", 
            "ok_max_mean_abs": ""
        }, 
        "hus": {
            "frequency": "mon", 
            "modeling_realm": "atmos", 
            "standard_name": "specific_humidity", 
            "units": "1", 
            "cell_methods": "time: mean", 
            "cell_measures": "area: areacella", 
            "long_name": "Specific Humidity", 
            "comment": "Specific humidity is the mass fraction of water vapor in (moist) air.", 
            "dimensions": "longitude latitude plev19 time", 
            "out_name": "hus", 
            "type": "real", 
            "positive": "", 
            "valid_min": "", 
            "valid_max": "", 
            "ok_min_mean_abs": "", 
            "ok_max_mean_abs": ""
        }, 
        "huss": {
            "frequency": "mon", 
            "modeling_realm": "atmos", 
            "standard_name": "specific_humidity", 
            "units": "1", 
            "cell_methods": "area: time: mean", 
            "cell_measures": "area: areacella", 
            "long_name": "Near-Surface Specific Humidity", 
            "comment": "Near-surface (usually, 2 meter) specific humidity.", 
            "dimensions": "longitude latitude time height2m", 
            "out_name": "huss", 
            "type": "real", 
            "positive": "", 
            "valid_min": "", 
            "valid_max": "", 
            "ok_min_mean_abs": "", 
            "ok_max_mean_abs": ""
        }, 
        "mc": {
            "frequency": "mon", 
            "modeling_realm": "atmos", 
            "standard_name": "atmosphere_net_upward_convective_mass_flux", 
            "units": "kg m-2 s-1", 
            "cell_methods": "area: time: mean", 
            "cell_measures": "area: areacella", 
            "long_name": "Convective Mass Flux", 
            "comment": "The net mass flux should represent the difference between the updraft and downdraft components.  The flux is computed as the mass divided by the area of the grid cell.", 
            "dimensions": "longitude latitude alevhalf time", 
            "out_name": "mc", 
            "type": "real", 
            "positive": "up", 
            "valid_min": "", 
            "valid_max": "", 
            "ok_min_mean_abs": "", 
            "ok_max_mean_abs": ""
        }, 
        "n2o": {
            "frequency": "mon", 
            "modeling_realm": "atmos atmosChem", 
            "standard_name": "mole_fraction_of_nitrous_oxide_in_air", 
            "units": "mol mol-1", 
            "cell_methods": "time: mean", 
            "cell_measures": "area: areacella", 
            "long_name": "Mole Fraction of N2O", 
            "comment": "Mole fraction is used in the construction mole_fraction_of_X_in_Y, where X is a material constituent of Y.   The chemical formula of  nitrous oxide is N2O.", 
            "dimensions": "longitude latitude plev19 time", 
            "out_name": "n2o", 
            "type": "real", 
            "positive": "", 
            "valid_min": "", 
            "valid_max": "", 
            "ok_min_mean_abs": "", 
            "ok_max_mean_abs": ""
        }, 
        "n2oClim": {
            "frequency": "monC", 
            "modeling_realm": "atmos atmosChem", 
            "standard_name": "mole_fraction_of_nitrous_oxide_in_air", 
            "units": "mol mol-1", 
            "cell_methods": "area: mean time: mean within years time: mean over years", 
            "cell_measures": "area: areacella", 
            "long_name": "Mole Fraction of N2O", 
            "comment": "Mole fraction is used in the construction mole_fraction_of_X_in_Y, where X is a material constituent of Y.   The chemical formula of  nitrous oxide is N2O.", 
            "dimensions": "longitude latitude plev19 time2", 
            "out_name": "n2o", 
            "type": "real", 
            "positive": "", 
            "valid_min": "", 
            "valid_max": "", 
            "ok_min_mean_abs": "", 
            "ok_max_mean_abs": ""
        }, 
        "n2oglobal": {
            "frequency": "mon", 
            "modeling_realm": "atmos atmosChem", 
            "standard_name": "mole_fraction_of_nitrous_oxide_in_air", 
            "units": "1e-09", 
            "cell_methods": "area: time: mean", 
            "cell_measures": "", 
            "long_name": "Global Mean Mole Fraction of N2O", 
            "comment": "Global mean Nitrous Oxide (N2O)", 
            "dimensions": "time", 
            "out_name": "n2oglobal", 
            "type": "real", 
            "positive": "", 
            "valid_min": "", 
            "valid_max": "", 
            "ok_min_mean_abs": "", 
            "ok_max_mean_abs": ""
        }, 
        "n2oglobalClim": {
            "frequency": "monC", 
            "modeling_realm": "atmos atmosChem", 
            "standard_name": "mole_fraction_of_nitrous_oxide_in_air", 
            "units": "1e-09", 
            "cell_methods": "area: mean time: mean within years time: mean over years", 
            "cell_measures": "", 
            "long_name": "Global Mean Mole Fraction of N2O", 
            "comment": "Global mean Nitrous Oxide (N2O)", 
            "dimensions": "time2", 
            "out_name": "n2oglobal", 
            "type": "real", 
            "positive": "", 
            "valid_min": "", 
            "valid_max": "", 
            "ok_min_mean_abs": "", 
            "ok_max_mean_abs": ""
        }, 
        "o3": {
            "frequency": "mon", 
            "modeling_realm": "atmos atmosChem", 
            "standard_name": "mole_fraction_of_ozone_in_air", 
            "units": "mol mol-1", 
            "cell_methods": "time: mean", 
            "cell_measures": "area: areacella", 
            "long_name": "Mole Fraction of O3", 
            "comment": "Mole fraction is used in the construction mole_fraction_of_X_in_Y, where X is a material constituent of Y.", 
            "dimensions": "longitude latitude plev19 time", 
            "out_name": "o3", 
            "type": "real", 
            "positive": "", 
            "valid_min": "", 
            "valid_max": "", 
            "ok_min_mean_abs": "", 
            "ok_max_mean_abs": ""
        }, 
        "o3Clim": {
            "frequency": "monC", 
            "modeling_realm": "atmos atmosChem", 
            "standard_name": "mole_fraction_of_ozone_in_air", 
            "units": "mol mol-1", 
            "cell_methods": "area: mean time: mean within years time: mean over years", 
            "cell_measures": "area: areacella", 
            "long_name": "Mole Fraction of O3", 
            "comment": "Mole fraction is used in the construction mole_fraction_of_X_in_Y, where X is a material constituent of Y.", 
            "dimensions": "longitude latitude plev19 time2", 
            "out_name": "o3", 
            "type": "real", 
            "positive": "", 
            "valid_min": "", 
            "valid_max": "", 
            "ok_min_mean_abs": "", 
            "ok_max_mean_abs": ""
        }, 
        "pfull": {
            "frequency": "monC", 
            "modeling_realm": "atmos", 
            "standard_name": "air_pressure", 
            "units": "Pa", 
            "cell_methods": "area: mean time: mean within years time: mean over years", 
            "cell_measures": "area: areacella", 
            "long_name": "Pressure at Model Full-Levels", 
            "comment": "Air pressure on model levels", 
            "dimensions": "longitude latitude alevel time2", 
            "out_name": "pfull", 
            "type": "real", 
            "positive": "", 
            "valid_min": "", 
            "valid_max": "", 
            "ok_min_mean_abs": "", 
            "ok_max_mean_abs": ""
        }, 
        "phalf": {
            "frequency": "monC", 
            "modeling_realm": "atmos", 
            "standard_name": "air_pressure", 
            "units": "Pa", 
            "cell_methods": "area: mean time: mean within years time: mean over years", 
            "cell_measures": "area: areacella", 
            "long_name": "Pressure on Model Half-Levels", 
            "comment": "Air pressure on model half-levels", 
            "dimensions": "longitude latitude alevhalf time2", 
            "out_name": "phalf", 
            "type": "real", 
            "positive": "", 
            "valid_min": "", 
            "valid_max": "", 
            "ok_min_mean_abs": "", 
            "ok_max_mean_abs": ""
        }, 
        "pr": {
            "frequency": "mon", 
            "modeling_realm": "atmos", 
            "standard_name": "precipitation_flux", 
            "units": "kg m-2 s-1", 
            "cell_methods": "area: time: mean", 
            "cell_measures": "area: areacella", 
            "long_name": "Precipitation", 
            "comment": "includes both liquid and solid phases", 
            "dimensions": "longitude latitude time", 
            "out_name": "pr", 
            "type": "real", 
            "positive": "", 
            "valid_min": "", 
            "valid_max": "", 
            "ok_min_mean_abs": "", 
            "ok_max_mean_abs": ""
        }, 
        "prc": {
            "frequency": "mon", 
            "modeling_realm": "atmos", 
            "standard_name": "convective_precipitation_flux", 
            "units": "kg m-2 s-1", 
            "cell_methods": "area: time: mean", 
            "cell_measures": "area: areacella", 
            "long_name": "Convective Precipitation", 
            "comment": "Convective precipitation at surface; includes both liquid and solid phases.", 
            "dimensions": "longitude latitude time", 
            "out_name": "prc", 
            "type": "real", 
            "positive": "", 
            "valid_min": "", 
            "valid_max": "", 
            "ok_min_mean_abs": "", 
            "ok_max_mean_abs": ""
        }, 
        "prsn": {
            "frequency": "mon", 
            "modeling_realm": "atmos", 
            "standard_name": "snowfall_flux", 
            "units": "kg m-2 s-1", 
            "cell_methods": "area: time: mean", 
            "cell_measures": "area: areacella", 
            "long_name": "Snowfall Flux", 
            "comment": "At surface; includes precipitation of all forms of water in the solid phase", 
            "dimensions": "longitude latitude time", 
            "out_name": "prsn", 
            "type": "real", 
            "positive": "", 
            "valid_min": "", 
            "valid_max": "", 
            "ok_min_mean_abs": "", 
            "ok_max_mean_abs": ""
        }, 
        "prw": {
            "frequency": "mon", 
            "modeling_realm": "atmos", 
            "standard_name": "atmosphere_mass_content_of_water_vapor", 
            "units": "kg m-2", 
            "cell_methods": "area: time: mean", 
            "cell_measures": "area: areacella", 
            "long_name": "Water Vapor Path", 
            "comment": "vertically integrated through the atmospheric column", 
            "dimensions": "longitude latitude time", 
            "out_name": "prw", 
            "type": "real", 
            "positive": "", 
            "valid_min": "", 
            "valid_max": "", 
            "ok_min_mean_abs": "", 
            "ok_max_mean_abs": ""
        }, 
        "ps": {
            "frequency": "mon", 
            "modeling_realm": "atmos", 
            "standard_name": "surface_air_pressure", 
            "units": "Pa", 
            "cell_methods": "area: time: mean", 
            "cell_measures": "area: areacella", 
            "long_name": "Surface Air Pressure", 
            "comment": "surface pressure (not mean sea-level pressure), 2-D field to calculate the 3-D pressure field from hybrid coordinates", 
            "dimensions": "longitude latitude time", 
            "out_name": "ps", 
            "type": "real", 
            "positive": "", 
            "valid_min": "", 
            "valid_max": "", 
            "ok_min_mean_abs": "", 
            "ok_max_mean_abs": ""
        }, 
        "psl": {
            "frequency": "mon", 
            "modeling_realm": "atmos", 
            "standard_name": "air_pressure_at_mean_sea_level", 
            "units": "Pa", 
            "cell_methods": "area: time: mean", 
            "cell_measures": "area: areacella", 
            "long_name": "Sea Level Pressure", 
            "comment": "Sea Level Pressure", 
            "dimensions": "longitude latitude time", 
            "out_name": "psl", 
            "type": "real", 
            "positive": "", 
            "valid_min": "", 
            "valid_max": "", 
            "ok_min_mean_abs": "", 
            "ok_max_mean_abs": ""
        }, 
        "rlds": {
            "frequency": "mon", 
            "modeling_realm": "atmos", 
            "standard_name": "surface_downwelling_longwave_flux_in_air", 
            "units": "W m-2", 
            "cell_methods": "area: time: mean", 
            "cell_measures": "area: areacella", 
            "long_name": "Surface Downwelling Longwave Radiation", 
            "comment": "The surface called 'surface' means the lower boundary of the atmosphere. 'longwave' means longwave radiation. Downwelling radiation is radiation from above. It does not mean 'net downward'. When thought of as being incident on a surface, a radiative flux is sometimes called 'irradiance'. In addition, it is identical with the quantity measured by a cosine-collector light-meter and sometimes called 'vector irradiance'. In accordance with common usage in geophysical disciplines, 'flux' implies per unit area, called 'flux density' in physics.", 
            "dimensions": "longitude latitude time", 
            "out_name": "rlds", 
            "type": "real", 
            "positive": "down", 
            "valid_min": "", 
            "valid_max": "", 
            "ok_min_mean_abs": "", 
            "ok_max_mean_abs": ""
        }, 
        "rldscs": {
            "frequency": "mon", 
            "modeling_realm": "atmos", 
            "standard_name": "surface_downwelling_longwave_flux_in_air_assuming_clear_sky", 
            "units": "W m-2", 
            "cell_methods": "area: time: mean", 
            "cell_measures": "area: areacella", 
            "long_name": "Surface Downwelling Clear-Sky Longwave Radiation", 
            "comment": "Surface downwelling clear-sky longwave radiation", 
            "dimensions": "longitude latitude time", 
            "out_name": "rldscs", 
            "type": "real", 
            "positive": "down", 
            "valid_min": "", 
            "valid_max": "", 
            "ok_min_mean_abs": "", 
            "ok_max_mean_abs": ""
        }, 
        "rlus": {
            "frequency": "mon", 
            "modeling_realm": "atmos", 
            "standard_name": "surface_upwelling_longwave_flux_in_air", 
            "units": "W m-2", 
            "cell_methods": "area: time: mean", 
            "cell_measures": "area: areacella", 
            "long_name": "Surface Upwelling Longwave Radiation", 
            "comment": "The surface called 'surface' means the lower boundary of the atmosphere. 'longwave' means longwave radiation. Upwelling radiation is radiation from below. It does not mean 'net upward'. When thought of as being incident on a surface, a radiative flux is sometimes called 'irradiance'. In addition, it is identical with the quantity measured by a cosine-collector light-meter and sometimes called 'vector irradiance'. In accordance with common usage in geophysical disciplines, 'flux' implies per unit area, called 'flux density' in physics.", 
            "dimensions": "longitude latitude time", 
            "out_name": "rlus", 
            "type": "real", 
            "positive": "up", 
            "valid_min": "", 
            "valid_max": "", 
            "ok_min_mean_abs": "", 
            "ok_max_mean_abs": ""
        }, 
        "rlut": {
            "frequency": "mon", 
            "modeling_realm": "atmos", 
            "standard_name": "toa_outgoing_longwave_flux", 
            "units": "W m-2", 
            "cell_methods": "area: time: mean", 
            "cell_measures": "area: areacella", 
            "long_name": "TOA Outgoing Longwave Radiation", 
            "comment": "at the top of the atmosphere (to be compared with satellite measurements)", 
            "dimensions": "longitude latitude time", 
            "out_name": "rlut", 
            "type": "real", 
            "positive": "up", 
            "valid_min": "", 
            "valid_max": "", 
            "ok_min_mean_abs": "", 
            "ok_max_mean_abs": ""
        }, 
        "rlutcs": {
            "frequency": "mon", 
            "modeling_realm": "atmos", 
            "standard_name": "toa_outgoing_longwave_flux_assuming_clear_sky", 
            "units": "W m-2", 
            "cell_methods": "area: time: mean", 
            "cell_measures": "area: areacella", 
            "long_name": "TOA Outgoing Clear-Sky Longwave Radiation", 
            "comment": "Upwelling clear-sky longwave radiation at top of atmosphere", 
            "dimensions": "longitude latitude time", 
            "out_name": "rlutcs", 
            "type": "real", 
            "positive": "up", 
            "valid_min": "", 
            "valid_max": "", 
            "ok_min_mean_abs": "", 
            "ok_max_mean_abs": ""
        }, 
        "rsds": {
            "frequency": "mon", 
            "modeling_realm": "atmos", 
            "standard_name": "surface_downwelling_shortwave_flux_in_air", 
            "units": "W m-2", 
            "cell_methods": "area: time: mean", 
            "cell_measures": "area: areacella", 
            "long_name": "Surface Downwelling Shortwave Radiation", 
            "comment": "Surface solar irradiance for UV calculations.", 
            "dimensions": "longitude latitude time", 
            "out_name": "rsds", 
            "type": "real", 
            "positive": "down", 
            "valid_min": "", 
            "valid_max": "", 
            "ok_min_mean_abs": "", 
            "ok_max_mean_abs": ""
        }, 
        "rsdscs": {
            "frequency": "mon", 
            "modeling_realm": "atmos", 
            "standard_name": "surface_downwelling_shortwave_flux_in_air_assuming_clear_sky", 
            "units": "W m-2", 
            "cell_methods": "area: time: mean", 
            "cell_measures": "area: areacella", 
            "long_name": "Surface Downwelling Clear-Sky Shortwave Radiation", 
            "comment": "Surface solar irradiance clear sky for UV calculations", 
            "dimensions": "longitude latitude time", 
            "out_name": "rsdscs", 
            "type": "real", 
            "positive": "down", 
            "valid_min": "", 
            "valid_max": "", 
            "ok_min_mean_abs": "", 
            "ok_max_mean_abs": ""
        }, 
        "rsdt": {
            "frequency": "mon", 
            "modeling_realm": "atmos", 
            "standard_name": "toa_incoming_shortwave_flux", 
            "units": "W m-2", 
            "cell_methods": "area: time: mean", 
            "cell_measures": "area: areacella", 
            "long_name": "TOA Incident Shortwave Radiation", 
            "comment": "Shortwave radiation incident at the top of the atmosphere", 
            "dimensions": "longitude latitude time", 
            "out_name": "rsdt", 
            "type": "real", 
            "positive": "down", 
            "valid_min": "", 
            "valid_max": "", 
            "ok_min_mean_abs": "", 
            "ok_max_mean_abs": ""
        }, 
        "rsus": {
            "frequency": "mon", 
            "modeling_realm": "atmos", 
            "standard_name": "surface_upwelling_shortwave_flux_in_air", 
            "units": "W m-2", 
            "cell_methods": "area: time: mean", 
            "cell_measures": "area: areacella", 
            "long_name": "Surface Upwelling Shortwave Radiation", 
            "comment": "The surface called 'surface' means the lower boundary of the atmosphere. 'shortwave' means shortwave radiation. Upwelling radiation is radiation from below. It does not mean 'net upward'. When thought of as being incident on a surface, a radiative flux is sometimes called 'irradiance'. In addition, it is identical with the quantity measured by a cosine-collector light-meter and sometimes called 'vector irradiance'. In accordance with common usage in geophysical disciplines, 'flux' implies per unit area, called 'flux density' in physics.", 
            "dimensions": "longitude latitude time", 
            "out_name": "rsus", 
            "type": "real", 
            "positive": "up", 
            "valid_min": "", 
            "valid_max": "", 
            "ok_min_mean_abs": "", 
            "ok_max_mean_abs": ""
        }, 
        "rsuscs": {
            "frequency": "mon", 
            "modeling_realm": "atmos", 
            "standard_name": "surface_upwelling_shortwave_flux_in_air_assuming_clear_sky", 
            "units": "W m-2", 
            "cell_methods": "area: time: mean", 
            "cell_measures": "area: areacella", 
            "long_name": "Surface Upwelling Clear-Sky Shortwave Radiation", 
            "comment": "Surface Upwelling Clear-sky Shortwave Radiation", 
            "dimensions": "longitude latitude time", 
            "out_name": "rsuscs", 
            "type": "real", 
            "positive": "up", 
            "valid_min": "", 
            "valid_max": "", 
            "ok_min_mean_abs": "", 
            "ok_max_mean_abs": ""
        }, 
        "rsut": {
            "frequency": "mon", 
            "modeling_realm": "atmos", 
            "standard_name": "toa_outgoing_shortwave_flux", 
            "units": "W m-2", 
            "cell_methods": "area: time: mean", 
            "cell_measures": "area: areacella", 
            "long_name": "TOA Outgoing Shortwave Radiation", 
            "comment": "at the top of the atmosphere", 
            "dimensions": "longitude latitude time", 
            "out_name": "rsut", 
            "type": "real", 
            "positive": "up", 
            "valid_min": "", 
            "valid_max": "", 
            "ok_min_mean_abs": "", 
            "ok_max_mean_abs": ""
        }, 
        "rsutcs": {
            "frequency": "mon", 
            "modeling_realm": "atmos", 
            "standard_name": "toa_outgoing_shortwave_flux_assuming_clear_sky", 
            "units": "W m-2", 
            "cell_methods": "area: time: mean", 
            "cell_measures": "area: areacella", 
            "long_name": "TOA Outgoing Clear-Sky Shortwave Radiation", 
            "comment": "Calculated in the absence of clouds.", 
            "dimensions": "longitude latitude time", 
            "out_name": "rsutcs", 
            "type": "real", 
            "positive": "up", 
            "valid_min": "", 
            "valid_max": "", 
            "ok_min_mean_abs": "", 
            "ok_max_mean_abs": ""
        }, 
        "rtmt": {
            "frequency": "mon", 
            "modeling_realm": "atmos", 
            "standard_name": "net_downward_radiative_flux_at_top_of_atmosphere_model", 
            "units": "W m-2", 
            "cell_methods": "area: time: mean", 
            "cell_measures": "area: areacella", 
            "long_name": "Net Downward Radiative Flux at Top of Model", 
            "comment": "Net Downward Radiative Flux at Top of Model : I.e., at the top of that portion of the atmosphere where dynamics are explicitly treated by the model. This is reported only if it differs from the net downward radiative flux at the top of the atmosphere.", 
            "dimensions": "longitude latitude time", 
            "out_name": "rtmt", 
            "type": "real", 
            "positive": "down", 
            "valid_min": "", 
            "valid_max": "", 
            "ok_min_mean_abs": "", 
            "ok_max_mean_abs": ""
        }, 
        "sbl": {
            "frequency": "mon", 
            "modeling_realm": "landIce", 
            "standard_name": "tendency_of_atmosphere_mass_content_of_water_vapor_due_to_sublimation_of_surface_snow_and_ice", 
            "units": "kg m-2 s-1", 
            "cell_methods": "area: time: mean", 
            "cell_measures": "area: areacella", 
            "long_name": "Surface Snow and Ice Sublimation Flux", 
            "comment": "The snow and ice sublimation flux is the loss of snow and ice mass per unit area from the surface resulting from their direct conversion to water vapor that enters the atmosphere.", 
            "dimensions": "longitude latitude time", 
            "out_name": "sbl", 
            "type": "real", 
            "positive": "", 
            "valid_min": "", 
            "valid_max": "", 
            "ok_min_mean_abs": "", 
            "ok_max_mean_abs": ""
        }, 
        "sci": {
            "frequency": "mon", 
            "modeling_realm": "atmos", 
            "standard_name": "shallow_convection_time_fraction", 
            "units": "1", 
            "cell_methods": "area: time: mean", 
            "cell_measures": "area: areacella", 
            "long_name": "Fraction of Time Shallow Convection Occurs", 
            "comment": "Fraction of time that shallow convection occurs in the grid cell.", 
            "dimensions": "longitude latitude time", 
            "out_name": "sci", 
            "type": "real", 
            "positive": "", 
            "valid_min": "", 
            "valid_max": "", 
            "ok_min_mean_abs": "", 
            "ok_max_mean_abs": ""
        }, 
        "sfcWind": {
            "frequency": "mon", 
            "modeling_realm": "atmos", 
            "standard_name": "wind_speed", 
            "units": "m s-1", 
            "cell_methods": "area: time: mean", 
            "cell_measures": "area: areacella", 
            "long_name": "Near-Surface Wind Speed", 
            "comment": "near-surface (usually, 10 meters) wind speed.", 
            "dimensions": "longitude latitude time height10m", 
            "out_name": "sfcWind", 
            "type": "real", 
            "positive": "", 
            "valid_min": "", 
            "valid_max": "", 
            "ok_min_mean_abs": "", 
            "ok_max_mean_abs": ""
        }, 
        "ta": {
            "frequency": "mon", 
            "modeling_realm": "atmos", 
            "standard_name": "air_temperature", 
            "units": "K", 
            "cell_methods": "time: mean", 
            "cell_measures": "area: areacella", 
            "long_name": "Air Temperature", 
            "comment": "Air Temperature", 
            "dimensions": "longitude latitude plev19 time", 
            "out_name": "ta", 
            "type": "real", 
            "positive": "", 
            "valid_min": "", 
            "valid_max": "", 
            "ok_min_mean_abs": "", 
            "ok_max_mean_abs": ""
        }, 
        "tas": {
            "frequency": "mon", 
            "modeling_realm": "atmos", 
            "standard_name": "air_temperature", 
            "units": "K", 
            "cell_methods": "area: time: mean", 
            "cell_measures": "area: areacella", 
            "long_name": "Near-Surface Air Temperature", 
            "comment": "near-surface (usually, 2 meter) air temperature", 
            "dimensions": "longitude latitude time height2m", 
            "out_name": "tas", 
            "type": "real", 
            "positive": "", 
            "valid_min": "", 
            "valid_max": "", 
            "ok_min_mean_abs": "", 
            "ok_max_mean_abs": ""
        }, 
        "tasmax": {
            "frequency": "mon", 
            "modeling_realm": "atmos", 
            "standard_name": "air_temperature", 
            "units": "K", 
            "cell_methods": "area: mean time: maximum within days time: mean over days", 
            "cell_measures": "area: areacella", 
            "long_name": "Daily Maximum Near-Surface Air Temperature", 
            "comment": "maximum near-surface (usually, 2 meter) air temperature (add cell_method attribute 'time: max')", 
            "dimensions": "longitude latitude time height2m", 
            "out_name": "tasmax", 
            "type": "real", 
            "positive": "", 
            "valid_min": "", 
            "valid_max": "", 
            "ok_min_mean_abs": "", 
            "ok_max_mean_abs": ""
        }, 
        "tasmin": {
            "frequency": "mon", 
            "modeling_realm": "atmos", 
            "standard_name": "air_temperature", 
            "units": "K", 
            "cell_methods": "area: mean time: minimum within days time: mean over days", 
            "cell_measures": "area: areacella", 
            "long_name": "Daily Minimum Near-Surface Air Temperature", 
            "comment": "minimum near-surface (usually, 2 meter) air temperature (add cell_method attribute 'time: min')", 
            "dimensions": "longitude latitude time height2m", 
            "out_name": "tasmin", 
            "type": "real", 
            "positive": "", 
            "valid_min": "", 
            "valid_max": "", 
            "ok_min_mean_abs": "", 
            "ok_max_mean_abs": ""
        }, 
        "tauu": {
            "frequency": "mon", 
            "modeling_realm": "atmos", 
            "standard_name": "surface_downward_eastward_stress", 
            "units": "Pa", 
            "cell_methods": "area: time: mean", 
            "cell_measures": "area: areacella", 
            "long_name": "Surface Downward Eastward Wind Stress", 
            "comment": "Downward eastward wind stress at the surface", 
            "dimensions": "longitude latitude time", 
            "out_name": "tauu", 
            "type": "real", 
            "positive": "down", 
            "valid_min": "", 
            "valid_max": "", 
            "ok_min_mean_abs": "", 
            "ok_max_mean_abs": ""
        }, 
        "tauv": {
            "frequency": "mon", 
            "modeling_realm": "atmos", 
            "standard_name": "surface_downward_northward_stress", 
            "units": "Pa", 
            "cell_methods": "area: time: mean", 
            "cell_measures": "area: areacella", 
            "long_name": "Surface Downward Northward Wind Stress", 
            "comment": "Downward northward wind stress at the surface", 
            "dimensions": "longitude latitude time", 
            "out_name": "tauv", 
            "type": "real", 
            "positive": "down", 
            "valid_min": "", 
            "valid_max": "", 
            "ok_min_mean_abs": "", 
            "ok_max_mean_abs": ""
        }, 
        "ts": {
            "frequency": "mon", 
            "modeling_realm": "atmos", 
            "standard_name": "surface_temperature", 
            "units": "K", 
            "cell_methods": "area: time: mean", 
            "cell_measures": "area: areacella", 
            "long_name": "Surface Temperature", 
            "comment": "Temperature of the lower boundary of the atmosphere", 
            "dimensions": "longitude latitude time", 
            "out_name": "ts", 
            "type": "real", 
            "positive": "", 
            "valid_min": "", 
            "valid_max": "", 
            "ok_min_mean_abs": "", 
            "ok_max_mean_abs": ""
        }, 
        "ua": {
            "frequency": "mon", 
            "modeling_realm": "atmos", 
            "standard_name": "eastward_wind", 
            "units": "m s-1", 
            "cell_methods": "time: mean", 
            "cell_measures": "area: areacella", 
            "long_name": "Eastward Wind", 
            "comment": "Zonal wind (positive in a eastward direction).", 
            "dimensions": "longitude latitude plev19 time", 
            "out_name": "ua", 
            "type": "real", 
            "positive": "", 
            "valid_min": "", 
            "valid_max": "", 
            "ok_min_mean_abs": "", 
            "ok_max_mean_abs": ""
        }, 
        "uas": {
            "frequency": "mon", 
            "modeling_realm": "atmos", 
            "standard_name": "eastward_wind", 
            "units": "m s-1", 
            "cell_methods": "area: time: mean", 
            "cell_measures": "area: areacella", 
            "long_name": "Eastward Near-Surface Wind", 
            "comment": "Eastward component of the near-surface (usually, 10 meters)  wind", 
            "dimensions": "longitude latitude time height10m", 
            "out_name": "uas", 
            "type": "real", 
            "positive": "", 
            "valid_min": "", 
            "valid_max": "", 
            "ok_min_mean_abs": "", 
            "ok_max_mean_abs": ""
        }, 
        "va": {
            "frequency": "mon", 
            "modeling_realm": "atmos", 
            "standard_name": "northward_wind", 
            "units": "m s-1", 
            "cell_methods": "time: mean", 
            "cell_measures": "area: areacella", 
            "long_name": "Northward Wind", 
            "comment": "Meridional wind (positive in a northward direction).", 
            "dimensions": "longitude latitude plev19 time", 
            "out_name": "va", 
            "type": "real", 
            "positive": "", 
            "valid_min": "", 
            "valid_max": "", 
            "ok_min_mean_abs": "", 
            "ok_max_mean_abs": ""
        }, 
        "vas": {
            "frequency": "mon", 
            "modeling_realm": "atmos", 
            "standard_name": "northward_wind", 
            "units": "m s-1", 
            "cell_methods": "area: time: mean", 
            "cell_measures": "area: areacella", 
            "long_name": "Northward Near-Surface Wind", 
            "comment": "Northward component of the near surface wind", 
            "dimensions": "longitude latitude time height10m", 
            "out_name": "vas", 
            "type": "real", 
            "positive": "", 
            "valid_min": "", 
            "valid_max": "", 
            "ok_min_mean_abs": "", 
            "ok_max_mean_abs": ""
        }, 
        "wap": {
            "frequency": "mon", 
            "modeling_realm": "atmos", 
            "standard_name": "lagrangian_tendency_of_air_pressure", 
            "units": "Pa s-1", 
            "cell_methods": "time: mean", 
            "cell_measures": "area: areacella", 
            "long_name": "Omega (=dp/dt)", 
            "comment": "Omega (vertical velocity in pressure coordinates, positive downwards)", 
            "dimensions": "longitude latitude plev19 time", 
            "out_name": "wap", 
            "type": "real", 
            "positive": "", 
            "valid_min": "", 
            "valid_max": "", 
            "ok_min_mean_abs": "", 
            "ok_max_mean_abs": ""
        }, 
        "zg": {
            "frequency": "mon", 
            "modeling_realm": "atmos", 
            "standard_name": "geopotential_height", 
            "units": "m", 
            "cell_methods": "time: mean", 
            "cell_measures": "area: areacella", 
            "long_name": "Geopotential Height", 
            "comment": "Geopotential is the sum of the specific gravitational potential energy relative to the geoid and the specific centripetal potential energy. Geopotential height is the geopotential divided by the standard acceleration due to gravity. It is numerically similar to the altitude (or geometric height) and not to the quantity with standard name height, which is relative to the surface.", 
            "dimensions": "longitude latitude plev19 time", 
            "out_name": "zg", 
            "type": "real", 
            "positive": "", 
            "valid_min": "", 
            "valid_max": "", 
            "ok_min_mean_abs": "", 
            "ok_max_mean_abs": ""
        }
    }
}
