{
    "Header": {
        "data_specs_version": "01.00.33", 
        "cmor_version": "3.5", 
        "table_id": "Table Eyr", 
        "realm": "land", 
        "table_date": "18 November 2020", 
        "missing_value": "1e20", 
        "int_missing_value": "-999", 
        "product": "model-output", 
        "approx_interval": "365", 
        "generic_levels": "alevel olevel", 
        "mip_era": "CMIP6", 
        "Conventions": "CF-1.7 CMIP-6.2"
    }, 
    "variable_entry": {
        "baresoilFrac": {
            "frequency": "yr", 
            "modeling_realm": "land", 
            "standard_name": "area_fraction", 
            "units": "%", 
            "cell_methods": "area: mean where land over all_area_types time: mean", 
            "cell_measures": "area: areacella", 
            "long_name": "Bare Soil Percentage Area Coverage", 
            "comment": "Percentage of entire grid cell  that is covered by bare soil.", 
            "dimensions": "longitude latitude time typebare", 
            "out_name": "baresoilFrac", 
            "type": "real", 
            "positive": "", 
            "valid_min": "", 
            "valid_max": "", 
            "ok_min_mean_abs": "", 
            "ok_max_mean_abs": ""
        }, 
        "cLitter": {
            "frequency": "yrPt", 
            "modeling_realm": "land", 
            "standard_name": "litter_mass_content_of_carbon", 
            "units": "kg m-2", 
            "cell_methods": "area: mean where land time: point", 
            "cell_measures": "area: areacella", 
            "long_name": "Carbon Mass in Litter Pool", 
            "comment": "'Litter' is dead plant material in or above the soil. It is distinct from coarse wood debris. The precise distinction between 'fine' and 'coarse' is model dependent. 'Content' indicates a quantity per unit area. The sum of the quantities with standard names surface_litter_mass_content_of_carbon and subsurface_litter_mass_content_of_carbon has the standard name litter_mass_content_of_carbon.", 
            "dimensions": "longitude latitude time1", 
            "out_name": "cLitter", 
            "type": "real", 
            "positive": "", 
            "valid_min": "", 
            "valid_max": "", 
            "ok_min_mean_abs": "", 
            "ok_max_mean_abs": ""
        }, 
        "cLitterLut": {
            "frequency": "yrPt", 
            "modeling_realm": "land", 
            "standard_name": "litter_mass_content_of_carbon", 
            "units": "kg m-2", 
            "cell_methods": "area: mean where sector time: point", 
            "cell_measures": "area: areacella", 
            "long_name": "Carbon  in Above and Below-Ground Litter Pools on Land-Use Tiles", 
            "comment": "end of year values (not annual mean)", 
            "dimensions": "longitude latitude landUse time1", 
            "out_name": "cLitterLut", 
            "type": "real", 
            "positive": "", 
            "valid_min": "", 
            "valid_max": "", 
            "ok_min_mean_abs": "", 
            "ok_max_mean_abs": ""
        }, 
        "cProduct": {
            "frequency": "yrPt", 
            "modeling_realm": "land", 
            "standard_name": "carbon_mass_content_of_forestry_and_agricultural_products", 
            "units": "kg m-2", 
            "cell_methods": "area: mean where land time: point", 
            "cell_measures": "area: areacella", 
            "long_name": "Carbon Mass in Products of Land-Use Change", 
            "comment": "Carbon mass per unit area in that has been removed from the environment through  land use change.", 
            "dimensions": "longitude latitude time1", 
            "out_name": "cProduct", 
            "type": "real", 
            "positive": "", 
            "valid_min": "", 
            "valid_max": "", 
            "ok_min_mean_abs": "", 
            "ok_max_mean_abs": ""
        }, 
        "cProductLut": {
            "frequency": "yrPt", 
            "modeling_realm": "land", 
            "standard_name": "carbon_mass_content_of_forestry_and_agricultural_products", 
            "units": "kg m-2", 
            "cell_methods": "area: mean where sector time: point", 
            "cell_measures": "area: areacella", 
            "long_name": "Wood and Agricultural Product Pool Carbon Associated with Land-Use Tiles", 
            "comment": "Anthropogenic pools associated with land use tiles into which harvests and cleared carbon are deposited before release into atmosphere PLUS any remaining anthropogenic pools that may be associated with lands which were converted into land use tiles during reported period. Examples of products include paper, cardboard, timber for construction, and crop harvest for food or fuel. Does NOT include residue which is deposited into soil or litter; end of year values (not annual mean).", 
            "dimensions": "longitude latitude landUse time1", 
            "out_name": "cProductLut", 
            "type": "real", 
            "positive": "", 
            "valid_min": "", 
            "valid_max": "", 
            "ok_min_mean_abs": "", 
            "ok_max_mean_abs": ""
        }, 
        "cSoil": {
            "frequency": "yrPt", 
            "modeling_realm": "land", 
            "standard_name": "soil_mass_content_of_carbon", 
            "units": "kg m-2", 
            "cell_methods": "area: mean where land time: point", 
            "cell_measures": "area: areacella", 
            "long_name": "Carbon Mass in Model Soil Pool", 
            "comment": "Carbon mass in the full depth of the soil model.", 
            "dimensions": "longitude latitude time1", 
            "out_name": "cSoil", 
            "type": "real", 
            "positive": "", 
            "valid_min": "", 
            "valid_max": "", 
            "ok_min_mean_abs": "", 
            "ok_max_mean_abs": ""
        }, 
        "cSoilLut": {
            "frequency": "yrPt", 
            "modeling_realm": "land", 
            "standard_name": "soil_mass_content_of_carbon", 
            "units": "kg m-2", 
            "cell_methods": "area: mean where sector time: point", 
            "cell_measures": "area: areacella", 
            "long_name": "Carbon in Soil Pool on Land-Use Tiles", 
            "comment": "end of year values (not annual mean)", 
            "dimensions": "longitude latitude landUse time1", 
            "out_name": "cSoilLut", 
            "type": "real", 
            "positive": "", 
            "valid_min": "", 
            "valid_max": "", 
            "ok_min_mean_abs": "", 
            "ok_max_mean_abs": ""
        }, 
        "cVeg": {
            "frequency": "yrPt", 
            "modeling_realm": "land", 
            "standard_name": "vegetation_carbon_content", 
            "units": "kg m-2", 
            "cell_methods": "area: mean where land time: point", 
            "cell_measures": "area: areacella", 
            "long_name": "Carbon Mass in Vegetation", 
            "comment": "Carbon mass per unit area in vegetation.", 
            "dimensions": "longitude latitude time1", 
            "out_name": "cVeg", 
            "type": "real", 
            "positive": "", 
            "valid_min": "", 
            "valid_max": "", 
            "ok_min_mean_abs": "", 
            "ok_max_mean_abs": ""
        }, 
        "cVegLut": {
            "frequency": "yrPt", 
            "modeling_realm": "land", 
            "standard_name": "vegetation_carbon_content", 
            "units": "kg m-2", 
            "cell_methods": "area: mean where sector time: point", 
            "cell_measures": "area: areacella", 
            "long_name": "Carbon in Vegetation on Land-Use Tiles", 
            "comment": "end of year values (not annual mean)", 
            "dimensions": "longitude latitude landUse time1", 
            "out_name": "cVegLut", 
            "type": "real", 
            "positive": "", 
            "valid_min": "", 
            "valid_max": "", 
            "ok_min_mean_abs": "", 
            "ok_max_mean_abs": ""
        }, 
        "cropFrac": {
            "frequency": "yr", 
            "modeling_realm": "land", 
            "standard_name": "area_fraction", 
            "units": "%", 
            "cell_methods": "area: mean where land over all_area_types time: mean", 
            "cell_measures": "area: areacella", 
            "long_name": "Percentage Crop Cover", 
            "comment": "Percentage of entire grid cell  that is covered by crop.", 
            "dimensions": "longitude latitude time typecrop", 
            "out_name": "cropFrac", 
            "type": "real", 
            "positive": "", 
            "valid_min": "", 
            "valid_max": "", 
            "ok_min_mean_abs": "", 
            "ok_max_mean_abs": ""
        }, 
        "fracInLut": {
            "frequency": "yr", 
            "modeling_realm": "land", 
            "standard_name": "area_fraction", 
            "units": "%", 
            "cell_methods": "area: mean where land over all_area_types time: sum", 
            "cell_measures": "area: areacella", 
            "long_name": "Annual Gross Percentage That Was Transferred into This Tile from Other Land-Use Tiles", 
            "comment": "Cumulative percentage transitions over the year; note that percentage should be reported as a percentage of atmospheric grid cell", 
            "dimensions": "longitude latitude landUse time", 
            "out_name": "fracInLut", 
            "type": "real", 
            "positive": "", 
            "valid_min": "", 
            "valid_max": "", 
            "ok_min_mean_abs": "", 
            "ok_max_mean_abs": ""
        }, 
        "fracLut": {
            "frequency": "yrPt", 
            "modeling_realm": "land", 
            "standard_name": "area_fraction", 
            "units": "%", 
            "cell_methods": "area: mean where land over all_area_types time: point", 
            "cell_measures": "area: areacella", 
            "long_name": "Percentage of Grid Cell for Each Land-Use Tile", 
            "comment": "End of year values (not annual mean); note that percentage should be reported as percentage of land grid cell (example: frac_lnd = 0.5, frac_ocn = 0.5, frac_crop_lnd = 0.2 (of land portion of grid cell), then frac_lut(crop) = 0.5*0.2 = 0.1)", 
            "dimensions": "longitude latitude landUse time1", 
            "out_name": "fracLut", 
            "type": "real", 
            "positive": "", 
            "valid_min": "", 
            "valid_max": "", 
            "ok_min_mean_abs": "", 
            "ok_max_mean_abs": ""
        }, 
        "fracOutLut": {
            "frequency": "yr", 
            "modeling_realm": "land", 
            "standard_name": "area_fraction", 
            "units": "%", 
            "cell_methods": "area: mean where land over all_area_types time: sum", 
            "cell_measures": "area: areacella", 
            "long_name": "Annual Gross Percentage of Land-Use Tile That Was Transferred into Other Land-Use Tiles", 
            "comment": "Cumulative percentage transitions over the year; note that percentage should be reported as percentage of atmospheric grid cell", 
            "dimensions": "longitude latitude landUse time", 
            "out_name": "fracOutLut", 
            "type": "real", 
            "positive": "", 
            "valid_min": "", 
            "valid_max": "", 
            "ok_min_mean_abs": "", 
            "ok_max_mean_abs": ""
        }, 
        "grassFrac": {
            "frequency": "yr", 
            "modeling_realm": "land", 
            "standard_name": "area_fraction", 
            "units": "%", 
            "cell_methods": "area: mean where land over all_area_types time: mean", 
            "cell_measures": "area: areacella", 
            "long_name": "Natural Grass Area Percentage", 
            "comment": "Percentage of entire grid cell that is covered by natural grass.", 
            "dimensions": "longitude latitude time typenatgr", 
            "out_name": "grassFrac", 
            "type": "real", 
            "positive": "", 
            "valid_min": "", 
            "valid_max": "", 
            "ok_min_mean_abs": "", 
            "ok_max_mean_abs": ""
        }, 
        "residualFrac": {
            "frequency": "yr", 
            "modeling_realm": "land", 
            "standard_name": "area_fraction", 
            "units": "%", 
            "cell_methods": "area: mean where land over all_area_types time: mean", 
            "cell_measures": "area: areacella", 
            "long_name": "Percentage of Grid Cell That Is Land but neither Vegetation Covered nor Bare Soil", 
            "comment": "Percentage of entire grid cell  that is land and is covered by  neither vegetation nor bare-soil (e.g., urban, ice, lakes, etc.)", 
            "dimensions": "longitude latitude time typeresidual", 
            "out_name": "residualFrac", 
            "type": "real", 
            "positive": "", 
            "valid_min": "", 
            "valid_max": "", 
            "ok_min_mean_abs": "", 
            "ok_max_mean_abs": ""
        }, 
        "shrubFrac": {
            "frequency": "yr", 
            "modeling_realm": "land", 
            "standard_name": "area_fraction", 
            "units": "%", 
            "cell_methods": "area: mean where land over all_area_types time: mean", 
            "cell_measures": "area: areacella", 
            "long_name": "Percentage Cover by Shrub", 
            "comment": "Percentage of entire grid cell  that is covered by shrub.", 
            "dimensions": "longitude latitude time typeshrub", 
            "out_name": "shrubFrac", 
            "type": "real", 
            "positive": "", 
            "valid_min": "", 
            "valid_max": "", 
            "ok_min_mean_abs": "", 
            "ok_max_mean_abs": ""
        }, 
        "treeFrac": {
            "frequency": "yr", 
            "modeling_realm": "land", 
            "standard_name": "area_fraction", 
            "units": "%", 
            "cell_methods": "area: mean where land over all_area_types time: mean", 
            "cell_measures": "area: areacella", 
            "long_name": "Tree Cover Percentage", 
            "comment": "Percentage of entire grid cell  that is covered by trees.", 
            "dimensions": "longitude latitude time typetree", 
            "out_name": "treeFrac", 
            "type": "real", 
            "positive": "", 
            "valid_min": "", 
            "valid_max": "", 
            "ok_min_mean_abs": "", 
            "ok_max_mean_abs": ""
        }, 
        "vegFrac": {
            "frequency": "yr", 
            "modeling_realm": "land", 
            "standard_name": "area_fraction", 
            "units": "%", 
            "cell_methods": "area: mean where land over all_area_types time: mean", 
            "cell_measures": "area: areacella", 
            "long_name": "Total Vegetated Percentage Cover", 
            "comment": "Percentage of grid cell that is covered by vegetation.This SHOULD be the sum of tree, grass (natural and pasture), crop and shrub fractions.", 
            "dimensions": "longitude latitude time typeveg", 
            "out_name": "vegFrac", 
            "type": "real", 
            "positive": "", 
            "valid_min": "", 
            "valid_max": "", 
            "ok_min_mean_abs": "", 
            "ok_max_mean_abs": ""
        }, 
        "zfullo": {
            "frequency": "yr", 
            "modeling_realm": "ocean", 
            "standard_name": "depth_below_geoid", 
            "units": "m", 
            "cell_methods": "area: mean where sea time: mean", 
            "cell_measures": "area: areacello volume: volcello", 
            "long_name": "Depth Below Geoid of Ocean Layer", 
            "comment": "Depth below geoid", 
            "dimensions": "longitude latitude olevel time", 
            "out_name": "zfullo", 
            "type": "real", 
            "positive": "", 
            "valid_min": "", 
            "valid_max": "", 
            "ok_min_mean_abs": "", 
            "ok_max_mean_abs": ""
        }
    }
}
