{
    "Header": {
        "data_specs_version": "01.00.33", 
        "cmor_version": "3.5", 
        "table_id": "Table E6hrZ", 
        "realm": "atmos", 
        "table_date": "18 November 2020", 
        "missing_value": "1e20", 
        "int_missing_value": "-999", 
        "product": "model-output", 
        "approx_interval": "0.250000", 
        "generic_levels": "alevel alevhalf", 
        "mip_era": "CMIP6", 
        "Conventions": "CF-1.7 CMIP-6.2"
    }, 
    "variable_entry": {
        "zmlwaero": {
            "frequency": "6hrPt", 
            "modeling_realm": "atmos", 
            "standard_name": "tendency_of_air_temperature_due_to_longwave_heating_from_volcanic_ambient_aerosol_particles", 
            "units": "K s-1", 
            "cell_methods": "longitude: mean time: point", 
            "cell_measures": "", 
            "long_name": "Zonal Mean Longwave Heating Rate Due to Volcanic Aerosols", 
            "comment": "longwave heating rate due to volcanic aerosols to be diagnosed through double radiation call, zonal average values required", 
            "dimensions": "latitude alevel time1", 
            "out_name": "zmlwaero", 
            "type": "real", 
            "positive": "", 
            "valid_min": "", 
            "valid_max": "", 
            "ok_min_mean_abs": "", 
            "ok_max_mean_abs": ""
        }, 
        "zmswaero": {
            "frequency": "6hrPt", 
            "modeling_realm": "atmos", 
            "standard_name": "tendency_of_air_temperature_due_to_shortwave_heating_from_volcanic_ambient_aerosol_particles", 
            "units": "K s-1", 
            "cell_methods": "longitude: mean time: point", 
            "cell_measures": "", 
            "long_name": "Zonal Mean Shortwave Heating Rate Due to Volcanic Aerosols", 
            "comment": "shortwave heating rate due to volcanic aerosols to be diagnosed through double radiation call, zonal average values required", 
            "dimensions": "latitude alevel time1", 
            "out_name": "zmswaero", 
            "type": "real", 
            "positive": "", 
            "valid_min": "", 
            "valid_max": "", 
            "ok_min_mean_abs": "", 
            "ok_max_mean_abs": ""
        }
    }
}
